Tournament,Matchday,Date,Venue,Club,Opponent,Result,Position,Minute,When Scored,Goal Type,Assist
Série A ,7,6/21/09,Home,Santos FC,Clube Atlético Mineiro,2:3,Not Applicable,45',1:0,Left-footed shot,Not Applicable
Série A ,11,7/15/09,Home,Santos FC,Grêmio Barueri Futebol Ltda.,3:3,Not Applicable,88',3:3,Header,Luizinho
Série A ,13,7/22/09,Home,Santos FC,Atlético Paranaense,1:0,Not Applicable,72',1:0,Left-footed shot,Roni
Série A ,15,7/29/09,Away,Santos FC,Clube Náutico Capibaribe,1:2,Not Applicable,67',0:1,Header,Madson
Série A ,34,11/7/09,Home,Santos FC,Clube Náutico Capibaribe,3:1,Not Applicable,58',2:0,Right-footed shot,Madson
Série A ,34,11/7/09,Home,Santos FC,Clube Náutico Capibaribe,3:1,Not Applicable,89',3:1,Left-footed shot,Madson
Série A ,35,11/15/09,Away,Santos FC,Sport Club Internacional,3:1,Not Applicable,63',2:1,Right-footed shot,Felipe Azevedo
Série A ,36,11/22/09,Home,Santos FC,Coritiba Foot Ball Club,4:0,Not Applicable,64',3:0,Left-footed shot,Madson
Série A ,36,11/22/09,Home,Santos FC,Coritiba Foot Ball Club,4:0,Not Applicable,88',4:0,Right-footed shot,Ganso
Série A ,38,12/6/09,Home,Santos FC,Cruzeiro Esporte Clube,1:2,Not Applicable,70',1:1,Right-footed shot,Not Applicable
Série A ,1,5/8/10,Away,Santos FC,Botafogo de Futebol e Regatas,3:3,Not Applicable,29',1:1,Right-footed shot,Marquinhos
Série A ,2,5/16/10,Home,Santos FC,Ceará Sporting Club,1:1,Not Applicable,38',1:1,Not Applicable,Neymar
Série A ,4,5/26/10,Home,Santos FC,Guarani Futebol Clube (SP),3:1,Not Applicable,2',1:0,Right-footed shot,Ganso
Série A ,15,8/22/10,Home,Santos FC,Clube Atlético Mineiro,2:0,Not Applicable,55',1:0,Penalty,Not Applicable
Série A ,16,8/25/10,Away,Santos FC,Grêmio Foot-Ball Porto Alegrense,1:2,Not Applicable,68',1:1,Penalty,Not Applicable
Série A ,18,9/2/10,Home,Santos FC,Avaí Futebol Clube (SC),2:1,Not Applicable,1',1:0,Right-footed shot,Not Applicable
Série A ,24,9/22/10,Home,Santos FC,Sport Club Corinthians Paulista,2:3,Not Applicable,27',2:1,Tap-in,Marcel
Série A ,25,9/25/10,Home,Santos FC,Cruzeiro Esporte Clube,4:1,Not Applicable,90'+1,4:1,Right-footed shot,Not Applicable
Série A ,13,10/13/10,Home,Santos FC,Sport Club Internacional,1:0,Not Applicable,27',1:0,Left-footed shot,Danilo
Série A ,30,10/17/10,Away,Santos FC,São Paulo Futebol Clube,4:3,Not Applicable,70',3:3,Penalty,Not Applicable
Série A ,33,11/3/10,Home,Santos FC,Esporte Clube Vitória,1:1,Not Applicable,33',1:0,Right-footed shot,Marquinhos
Série A ,34,11/7/10,Away,Santos FC,Clube Atlético Mineiro,2:2,Not Applicable,17',0:1,Right-footed shot,Not Applicable
Série A ,34,11/7/10,Away,Santos FC,Clube Atlético Mineiro,2:2,Not Applicable,67',2:2,Right-footed shot,Not Applicable
Série A ,36,11/21/10,Away,Santos FC,Goiás Esporte Clube,1:4,Not Applicable,75',1:2,Penalty,Not Applicable
Série A ,36,11/21/10,Away,Santos FC,Goiás Esporte Clube,1:4,Not Applicable,79',1:3,Right-footed shot,Not Applicable
Série A ,36,11/21/10,Away,Santos FC,Goiás Esporte Clube,1:4,Not Applicable,82',1:4,Right-footed shot,Felipe Anderson
Série A ,37,11/28/10,Away,Santos FC,Avaí Futebol Clube (SC),3:2,Not Applicable,32',0:2,Right-footed shot,Arouca
Libertadores ,group stage,3/17/11,Away,Santos FC,CSD Colo Colo,3:2,Not Applicable,49',3:2,Left-footed shot,Ganso
Libertadores ,group stage,4/7/11,Home,Santos FC,CSD Colo Colo,3:2,Not Applicable,52',3:0,Left-footed shot,Not Applicable
Libertadores ,group stage,4/20/11,Home,Santos FC,Deportivo Táchira,3:1,Not Applicable,4',1:0,Right-footed shot,Léo
Libertadores ,Quarter-Finals,5/19/11,Home,Santos FC,Once Caldas,1:1,SS,11',1:0,Not Applicable,Not Applicable
Libertadores ,Semi-Finals,6/2/11,Away,Santos FC,Club Cerro Porteño,3:3,Not Applicable,45'+2,1:3,Right-footed shot,Arouca
Libertadores ,final,6/23/11,Home,Santos FC,CA Peñarol,2:1,Not Applicable,47',1:0,Right-footed shot,Arouca
Série A ,12,7/27/11,Home,Santos FC,Clube de Regatas do Flamengo,4:5,SS,26',3:0,Right-footed shot,Borges
Série A ,12,7/27/11,Home,Santos FC,Clube de Regatas do Flamengo,4:5,SS,51',4:3,Right-footed shot,Léo
Série A ,13,7/31/11,Away,Santos FC,Atlético Paranaense,3:2,Not Applicable,13',2:1,Left-footed shot,Not Applicable
Série A ,18,8/21/11,Away,Santos FC,Esporte Clube Bahia,1:2,Not Applicable,3',0:1,Penalty,Not Applicable
Série A ,27,10/1/11,Away,Santos FC,Fluminense Football Club,3:2,Not Applicable,32',0:1,Right-footed shot,Rafael
Série A ,21,10/19/11,Home,Santos FC,Botafogo de Futebol e Regatas,2:0,Not Applicable,15',1:0,Solo run,Not Applicable
Série A ,31,10/23/11,Away,Santos FC,Clube de Regatas do Flamengo,1:1,Not Applicable,48',0:1,Penalty,Not Applicable
Série A ,32,10/29/11,Home,Santos FC,Atlético Paranaense,4:1,Not Applicable,2',1:0,Penalty,Not Applicable
Série A ,32,10/29/11,Home,Santos FC,Atlético Paranaense,4:1,Not Applicable,54',2:1,Penalty,Not Applicable
Série A ,32,10/29/11,Home,Santos FC,Atlético Paranaense,4:1,Not Applicable,56',3:1,Left-footed shot,Wason Rentería
Série A ,32,10/29/11,Home,Santos FC,Atlético Paranaense,4:1,Not Applicable,70',4:1,Right-footed shot,Adriano
Série A ,33,11/6/11,Home,Santos FC,Club de Regatas Vasco da Gama,2:0,Not Applicable,3',1:0,Direct free kick,Not Applicable
Série A ,37,11/27/11,Home,Santos FC,Esporte Clube Bahia,1:1,Not Applicable,31',1:1,Right-footed shot,Ganso
Club World Cup ,Semi-Finals,12/14/11,Away,Santos FC,Kashiwa Reysol,1:3,LW,19',0:1,Left-footed shot,Ganso
Libertadores ,Group Stage,3/7/12,Home,Santos FC,Sport Club Internacional,3:1,CF,19',1:0,Penalty,Not Applicable
Libertadores ,Group Stage,3/7/12,Home,Santos FC,Sport Club Internacional,3:1,CF,54',2:0,Solo run,Juan
Libertadores ,Group Stage,3/7/12,Home,Santos FC,Sport Club Internacional,3:1,CF,65',3:1,Solo run,Ganso
Libertadores ,Group Stage,3/23/12,Home,Santos FC,Club Juan Aurich,2:0,CF,59',2:0,Not Applicable,Borges
Libertadores ,Group Stage,4/20/12,Home,Santos FC,The Strongest La Paz,2:0,CF,88',2:0,Not Applicable,Not Applicable
Libertadores ,last 16,5/11/12,Home,Santos FC,Bolívar La Paz,8:0,CF,21',2:0,Penalty,Not Applicable
Libertadores ,last 16,5/11/12,Home,Santos FC,Bolívar La Paz,8:0,CF,36',5:0,Right-footed shot,Elano
Libertadores ,Semi-Finals,6/21/12,Away,Santos FC,Sport Club Corinthians Paulista,1:1,LW,36',0:1,Tap-in,Not Applicable
Série A ,6,6/24/12,Home,Santos FC,Coritiba Foot Ball Club,2:2,LW,71',2:1,Right-footed shot,Alan Kardec
Série A ,8,7/8/12,Home,Santos FC,Grêmio Foot-Ball Porto Alegrense,4:2,CF,62',3:0,Header,Not Applicable
Série A ,17,8/16/12,Away,Santos FC,Figueirense Futebol Clube,1:3,CF,51',1:1,Solo run,Not Applicable
Série A ,19,8/25/12,Away,Santos FC,Sociedade Esportiva Palmeiras,1:2,CF,44',1:1,Direct free kick,Not Applicable
Série A ,19,8/25/12,Away,Santos FC,Sociedade Esportiva Palmeiras,1:2,CF,63',1:2,Right-footed shot,Ganso
Série A ,24,9/12/12,Home,Santos FC,Clube de Regatas do Flamengo,2:0,CF,87',2:0,Right-footed shot,Bruno Peres
Série A ,25,9/16/12,Away,Santos FC,Coritiba Foot Ball Club,1:2,CF,71',1:1,Solo run,Bernardo
Série A ,25,9/16/12,Away,Santos FC,Coritiba Foot Ball Club,1:2,CF,83',1:2,Tap-in,Pato Rodríguez
Recopa Sudamericana ,final,9/27/12,Home,Santos FC,Club Universidad de Chile,2:0,CF,28',1:0,Right-footed shot,André Felipe
Série A ,31,10/17/12,Home,Santos FC,Clube Atlético Mineiro,2:2,CF,11',2:0,Solo run,Not Applicable
Série A ,34,11/3/12,Away,Santos FC,Cruzeiro Esporte Clube,0:4,CF,12',0:1,Right-footed shot,Arouca
Série A ,34,11/3/12,Away,Santos FC,Cruzeiro Esporte Clube,0:4,CF,36',0:2,Right-footed shot,André Felipe
Série A ,34,11/3/12,Away,Santos FC,Cruzeiro Esporte Clube,0:4,CF,82',0:4,Right-footed shot,Ezequiel Miralles
Série A ,38,12/1/12,Home,Santos FC,Sociedade Esportiva Palmeiras,3:1,CF,23',2:1,Penalty,Not Applicable
Série A ,38,12/1/12,Home,Santos FC,Sociedade Esportiva Palmeiras,3:1,CF,39',3:1,Right-footed shot,Pato Rodríguez
Supercopa ,final,8/21/13,Away,FC Barcelona,Atlético de Madrid,1:1,LW,66',1:1,Header,Dani Alves
LaLiga ,6,9/24/13,Home,FC Barcelona,Real Sociedad,4:1,LW,5',1:0,Left-footed shot,Alexis Sánchez
LaLiga ,8,10/5/13,Home,FC Barcelona,Real Valladolid CF,4:1,CF,70',4:1,Right-footed shot,Alexis Sánchez
LaLiga ,10,10/26/13,Home,FC Barcelona,Real Madrid,2:1,LW,19',1:0,Right-footed shot,Andrés Iniesta
LaLiga ,13,11/10/13,Away,FC Barcelona,Real Betis Balompié,1:4,LW,36',0:1,Right-footed shot,Cesc Fàbregas
Champions League ,Group Stage,12/11/13,Home,FC Barcelona,Celtic FC,6:1,CF,44',3:0,Right-footed shot,Martín Montoya
Champions League ,Group Stage,12/11/13,Home,FC Barcelona,Celtic FC,6:1,CF,48',4:0,Left-footed shot,Xavi
Champions League ,Group Stage,12/11/13,Home,FC Barcelona,Celtic FC,6:1,CF,58',5:0,Right-footed shot,Adriano
LaLiga ,16,12/14/13,Home,FC Barcelona,Villarreal CF,2:1,LW,30',1:0,Penalty,Not Applicable
LaLiga ,16,12/14/13,Home,FC Barcelona,Villarreal CF,2:1,LW,68',2:1,Right-footed shot,Alexis Sánchez
Copa del Rey ,4th round,12/17/13,Home,FC Barcelona,FC Cartagena,3:0,CF,87',3:0,Header,Andrés Iniesta
LaLiga ,24,2/15/14,Home,FC Barcelona,Rayo Vallecano,6:0,LW,89',6:0,Right-footed shot,Andrés Iniesta
LaLiga ,30,3/26/14,Home,FC Barcelona,Celta de Vigo,3:0,LW,6',1:0,Right-footed shot,Alexis Sánchez
LaLiga ,30,3/26/14,Home,FC Barcelona,Celta de Vigo,3:0,LW,67',3:0,Left-footed shot,Alexis Sánchez
Champions League ,Quarter-Finals,4/1/14,Home,FC Barcelona,Atlético de Madrid,1:1,CF,71',1:1,Right-footed shot,Andrés Iniesta
LaLiga ,3,9/13/14,Home,FC Barcelona,Athletic Bilbao,2:0,LW,79',1:0,Left-footed shot,Lionel Messi
LaLiga ,3,9/13/14,Home,FC Barcelona,Athletic Bilbao,2:0,LW,84',2:0,Right-footed shot,Lionel Messi
LaLiga ,4,9/21/14,Away,FC Barcelona,Levante UD,0:5,LW,34',0:1,Right-footed shot,Lionel Messi
LaLiga ,6,9/27/14,Home,FC Barcelona,Granada CF,6:0,LW,26',1:0,Deflected shot on goal,Not Applicable
LaLiga ,6,9/27/14,Home,FC Barcelona,Granada CF,6:0,LW,45',3:0,Tap-in,Not Applicable
LaLiga ,6,9/27/14,Home,FC Barcelona,Granada CF,6:0,LW,66',5:0,Right-footed shot,Lionel Messi
Champions League ,Group Stage,9/30/14,Away,FC Barcelona,Paris Saint-Germain,3:2,CF,56',3:2,Right-footed shot,Dani Alves
LaLiga ,7,10/4/14,Away,FC Barcelona,Rayo Vallecano,0:2,LW,36',0:2,Right-footed shot,Munir El Haddadi
LaLiga ,8,10/18/14,Home,FC Barcelona,SD Eibar,3:0,LW,72',2:0,Right-footed shot,Dani Alves
Champions League ,Group Stage,10/21/14,Home,FC Barcelona,Ajax Amsterdam,3:1,LW,8',1:0,Right-footed shot,Lionel Messi
LaLiga ,9,10/25/14,Away,FC Barcelona,Real Madrid,3:1,LW,4',0:1,Right-footed shot,Luis Suárez
LaLiga ,11,11/8/14,Away,FC Barcelona,UD Almería,1:2,LW,73',1:1,Deflected shot on goal,Luis Suárez
LaLiga ,12,11/22/14,Home,FC Barcelona,Sevilla FC,5:1,LW,49',2:1,Header,Xavi
Champions League ,Group Stage,12/10/14,Home,FC Barcelona,Paris Saint-Germain,3:1,LW,41',2:1,Right-footed shot,Andrés Iniesta
Copa del Rey ,last 16,1/8/15,Home,FC Barcelona,Elche CF,5:0,LW,34',1:0,Right-footed shot,Luis Suárez
Copa del Rey ,last 16,1/8/15,Home,FC Barcelona,Elche CF,5:0,LW,59',5:0,Right-footed shot,Lionel Messi
LaLiga ,18,1/11/15,Home,FC Barcelona,Atlético de Madrid,3:1,LW,12',1:0,Left-footed shot,Luis Suárez
LaLiga ,20,1/24/15,Away,FC Barcelona,Elche CF,0:6,LW,69',0:3,Right-footed shot,Lionel Messi
LaLiga ,20,1/24/15,Away,FC Barcelona,Elche CF,0:6,LW,71',0:4,Right-footed shot,Lionel Messi
Copa del Rey ,Quarter-Finals,1/28/15,Away,FC Barcelona,Atlético de Madrid,2:3,LW,9',1:1,Right-footed shot,Luis Suárez
Copa del Rey ,Quarter-Finals,1/28/15,Away,FC Barcelona,Atlético de Madrid,2:3,LW,41',2:3,Right-footed shot,Jordi Alba
LaLiga ,21,2/1/15,Home,FC Barcelona,Villarreal CF,3:2,LW,45',1:1,Tap-in,Not Applicable
LaLiga ,22,2/8/15,Away,FC Barcelona,Athletic Bilbao,2:5,LW,65',1:4,Right-footed shot,Lionel Messi
LaLiga ,23,2/15/15,Home,FC Barcelona,Levante UD,5:0,LW,17',1:0,Right-footed shot,Lionel Messi
Copa del Rey ,Semi-Finals,3/4/15,Away,FC Barcelona,Villarreal CF,1:3,LW,4',0:1,Left-footed shot,Lionel Messi
Copa del Rey ,Semi-Finals,3/4/15,Away,FC Barcelona,Villarreal CF,1:3,LW,88',1:3,Header,Xavi
LaLiga ,31,4/11/15,Away,FC Barcelona,Sevilla FC,2:2,LW,31',0:2,Direct free kick,Not Applicable
Champions League ,Quarter-Finals,4/15/15,Away,FC Barcelona,Paris Saint-Germain,1:3,LW,18',0:1,Right-footed shot,Lionel Messi
Champions League ,Quarter-Finals,4/21/15,Home,FC Barcelona,Paris Saint-Germain,2:0,LW,14',1:0,Right-footed shot,Andrés Iniesta
Champions League ,Quarter-Finals,4/21/15,Home,FC Barcelona,Paris Saint-Germain,2:0,LW,34',2:0,Header,Dani Alves
LaLiga ,33,4/25/15,Away,FC Barcelona,RCD Espanyol Barcelona,0:2,LW,17',0:1,Right-footed shot,Jordi Alba
LaLiga ,34,4/28/15,Home,FC Barcelona,Getafe CF,6:0,LW,28',3:0,Right-footed shot,Luis Suárez
LaLiga ,35,5/2/15,Away,FC Barcelona,Córdoba CF,0:8,LW,85',0:7,Penalty,Not Applicable
Champions League ,Semi-Finals,5/6/15,Home,FC Barcelona,Bayern Munich,3:0,LW,90'+4,3:0,Right-footed shot,Lionel Messi
LaLiga ,36,5/9/15,Home,FC Barcelona,Real Sociedad,2:0,LW,51',1:0,Header,Not Applicable
Champions League ,Semi-Finals,5/12/15,Away,FC Barcelona,Bayern Munich,3:2,LW,15',1:1,Left-footed shot,Luis Suárez
Champions League ,Semi-Finals,5/12/15,Away,FC Barcelona,Bayern Munich,3:2,LW,29',1:2,Right-footed shot,Luis Suárez
Copa del Rey ,Final,5/30/15,Away,FC Barcelona,Athletic Bilbao,1:3,LW,37',0:2,Right-footed shot,Luis Suárez
Champions League ,Final,6/6/15,Away,FC Barcelona,Juventus FC,1:3,LW,90'+7,1:3,Left-footed shot,Pedro
LaLiga ,3,9/12/15,Away,FC Barcelona,Atlético de Madrid,1:2,LW,55',1:1,Direct free kick,Not Applicable
LaLiga ,4,9/20/15,Home,FC Barcelona,Levante UD,4:1,LW,56',2:0,Right-footed shot,Not Applicable
LaLiga ,5,9/23/15,Away,FC Barcelona,Celta de Vigo,4:1,LW,80',3:1,Right-footed shot,Lionel Messi
LaLiga ,7,10/3/15,Away,FC Barcelona,Sevilla FC,2:1,LW,74',2:1,Penalty,Not Applicable
LaLiga ,8,10/17/15,Home,FC Barcelona,Rayo Vallecano,5:2,LW,22',1:1,Penalty,Not Applicable
LaLiga ,8,10/17/15,Home,FC Barcelona,Rayo Vallecano,5:2,LW,32',2:1,Penalty,Not Applicable
LaLiga ,8,10/17/15,Home,FC Barcelona,Rayo Vallecano,5:2,LW,69',3:1,Left-footed shot,Not Applicable
LaLiga ,8,10/17/15,Home,FC Barcelona,Rayo Vallecano,5:2,LW,71',4:1,Left-footed shot,Luis Suárez
LaLiga ,10,10/31/15,Away,FC Barcelona,Getafe CF,0:2,LW,58',0:2,Left-footed shot,Sergi Roberto
Champions League ,Group Stage,11/4/15,Home,FC Barcelona,BATE Borisov,3:0,LW,31',1:0,Penalty,Not Applicable
Champions League ,Group Stage,11/4/15,Home,FC Barcelona,BATE Borisov,3:0,LW,83',3:0,Right-footed shot,Luis Suárez
LaLiga ,11,11/8/15,Home,FC Barcelona,Villarreal CF,3:0,LW,60',1:0,Left-footed shot,Sergio Busquets
LaLiga ,11,11/8/15,Home,FC Barcelona,Villarreal CF,3:0,LW,85',3:0,Right-footed shot,Luis Suárez
LaLiga ,12,11/21/15,Away,FC Barcelona,Real Madrid,0:4,LW,39',0:2,Left-footed shot,Andrés Iniesta
LaLiga ,13,11/28/15,Home,FC Barcelona,Real Sociedad,4:0,LW,22',1:0,Right-footed shot,Dani Alves
LaLiga ,13,11/28/15,Home,FC Barcelona,Real Sociedad,4:0,LW,53',3:0,Right-footed shot,Jérémy Mathieu
Copa del Rey ,last 16,1/6/16,Home,FC Barcelona,RCD Espanyol Barcelona,4:1,LW,88',4:1,Right-footed shot,Lionel Messi
LaLiga ,19,1/9/16,Home,FC Barcelona,Granada CF,4:0,LW,83',4:0,Right-footed shot,Luis Suárez
LaLiga ,20,1/17/16,Home,FC Barcelona,Athletic Bilbao,6:0,LW,31',2:0,Left-footed shot,Luis Suárez
Copa del Rey ,Quarter-Finals,1/20/16,Away,FC Barcelona,Athletic Bilbao,1:2,LW,25',0:2,Right-footed shot,Sergi Roberto
Copa del Rey ,Quarter-Finals,1/27/16,Home,FC Barcelona,Athletic Bilbao,3:1,LW,90'+1,3:1,Left-footed shot,Sergi Roberto
LaLiga ,24,2/14/16,Home,FC Barcelona,Celta de Vigo,6:1,LW,90'+1,6:1,Left-footed shot,Luis Suárez
LaLiga ,25,2/20/16,Away,FC Barcelona,UD Las Palmas,1:2,LW,39',1:2,Tap-in,Not Applicable
LaLiga ,29,3/12/16,Home,FC Barcelona,Getafe CF,6:0,LW,32',3:0,Right-footed shot,Lionel Messi
LaLiga ,29,3/12/16,Home,FC Barcelona,Getafe CF,6:0,LW,51',5:0,Right-footed shot,Lionel Messi
Champions League ,last 16,3/16/16,Home,FC Barcelona,Arsenal FC,3:1,LW,18',1:0,Left-footed shot,Luis Suárez
LaLiga ,30,3/20/16,Away,FC Barcelona,Villarreal CF,2:2,LW,41',0:2,Penalty,Not Applicable
LaLiga ,34,4/20/16,Away,FC Barcelona,Deportivo de La Coruña,0:8,LW,81',0:8,Left-footed shot,Luis Suárez
LaLiga ,35,4/23/16,Home,FC Barcelona,Sporting Gijón,6:0,LW,86',5:0,Penalty,Not Applicable
LaLiga ,37,5/8/16,Home,FC Barcelona,RCD Espanyol Barcelona,5:0,LW,83',5:0,Right-footed shot,Luis Suárez
Copa del Rey ,Final,5/22/16,Home,FC Barcelona,Sevilla FC,2:0,LW,120'+3,2:0,Right-footed shot,Lionel Messi
Champions League ,Group Stage,9/13/16,Home,FC Barcelona,Celtic FC,7:0,LW,50',3:0,Direct free kick,Not Applicable
LaLiga ,4,9/17/16,Away,FC Barcelona,CD Leganés,1:5,LW,44',0:3,Right-footed shot,Luis Suárez
LaLiga ,6,9/24/16,Away,FC Barcelona,Sporting Gijón,0:5,LW,81',0:3,Right-footed shot,Not Applicable
LaLiga ,6,9/24/16,Away,FC Barcelona,Sporting Gijón,0:5,LW,88',0:5,Left-footed shot,Denis Suárez
LaLiga ,7,10/2/16,Away,FC Barcelona,Celta de Vigo,4:3,LW,64',3:2,Penalty,Not Applicable
Champions League ,Group Stage,10/19/16,Home,FC Barcelona,Manchester City,4:0,LW,89',4:0,Right-footed shot,Lionel Messi
Copa del Rey ,last 16,1/11/17,Home,FC Barcelona,Athletic Bilbao,3:1,LW,48',2:0,Penalty,Not Applicable
Copa del Rey ,Quarter-Finals,1/19/17,Away,FC Barcelona,Real Sociedad,0:1,LW,21',0:1,Penalty,Not Applicable
LaLiga ,19,1/22/17,Away,FC Barcelona,SD Eibar,0:4,LW,90'+1,0:4,Right-footed shot,Aleix Vidal
LaLiga ,22,2/11/17,Away,FC Barcelona,Deportivo Alavés,0:6,LW,40',0:2,Right-footed shot,Luis Suárez
LaLiga ,25,3/1/17,Home,FC Barcelona,Sporting Gijón,6:1,LW,66',5:1,Direct free kick,Not Applicable
LaLiga ,26,3/4/17,Home,FC Barcelona,Celta de Vigo,5:0,LW,40',2:0,Right-footed shot,Lionel Messi
Champions League ,last 16,3/8/17,Home,FC Barcelona,Paris Saint-Germain,6:1,LW,88',4:1,Direct free kick,Not Applicable
Champions League ,last 16,3/8/17,Home,FC Barcelona,Paris Saint-Germain,6:1,LW,90'+1,5:1,Penalty,Not Applicable
LaLiga ,29,4/2/17,Away,FC Barcelona,Granada CF,1:4,LW,90'+1,1:4,Left-footed shot,Paco Alcácer
LaLiga ,36,5/6/17,Home,FC Barcelona,Villarreal CF,4:1,LW,21',1:0,Left-footed shot,Not Applicable
LaLiga ,37,5/14/17,Away,FC Barcelona,UD Las Palmas,1:4,LW,25',0:1,Right-footed shot,Luis Suárez
LaLiga ,37,5/14/17,Away,FC Barcelona,UD Las Palmas,1:4,LW,67',1:3,Header,Ivan Rakitic
LaLiga ,37,5/14/17,Away,FC Barcelona,UD Las Palmas,1:4,LW,71',1:4,Right-footed shot,Jordi Alba
Copa del Rey ,Final,5/27/17,Home,FC Barcelona,Deportivo Alavés,3:1,LW,45',2:1,Right-footed shot,André Gomes
Ligue 1 ,2,8/13/17,Away,Paris Saint-Germain,EA Guingamp,0:3,LW,82',0:3,Right-footed shot,Edinson Cavani
Ligue 1 ,3,8/20/17,Home,Paris Saint-Germain,FC Toulouse,6:2,LW,31',1:1,Right-footed shot,Not Applicable
Ligue 1 ,3,8/20/17,Home,Paris Saint-Germain,FC Toulouse,6:2,LW,90',6:2,Solo run,Not Applicable
Ligue 1 ,5,9/8/17,Away,Paris Saint-Germain,FC Metz,1:5,LW,69',1:3,Long distance kick,Not Applicable
Champions League ,Group Stage,9/12/17,Away,Paris Saint-Germain,Celtic FC,0:5,LW,20',0:1,Right-footed shot,Adrien Rabiot
Champions League ,Group Stage,9/27/17,Home,Paris Saint-Germain,Bayern Munich,3:0,LW,63',3:0,Tap-in,Not Applicable
Ligue 1 ,8,9/30/17,Home,Paris Saint-Germain,FC Girondins Bordeaux,6:2,LW,5',1:0,Direct free kick,Not Applicable
Ligue 1 ,8,9/30/17,Home,Paris Saint-Germain,FC Girondins Bordeaux,6:2,LW,40',4:1,Penalty,Not Applicable
Champions League ,Group Stage,10/18/17,Away,Paris Saint-Germain,RSC Anderlecht,0:4,LW,66',0:3,Direct free kick,Not Applicable
Ligue 1 ,10,10/22/17,Away,Paris Saint-Germain,Olympique Marseille,2:2,LW,33',1:1,Left-footed shot,Adrien Rabiot
Champions League ,Group Stage,10/31/17,Home,Paris Saint-Germain,RSC Anderlecht,5:0,LW,45'+4,2:0,Right-footed shot,Julian Draxler
Champions League ,Group Stage,11/22/17,Home,Paris Saint-Germain,Celtic FC,7:1,LW,9',1:1,Left-footed shot,Adrien Rabiot
Champions League ,Group Stage,11/22/17,Home,Paris Saint-Germain,Celtic FC,7:1,LW,22',2:1,Left-footed shot,Marco Verratti
Ligue 1 ,14,11/26/17,Away,Paris Saint-Germain,AS Monaco,1:2,LW,52',0:2,Penalty,Not Applicable
Ligue 1 ,15,11/29/17,Home,Paris Saint-Germain,ESTAC Troyes,2:0,LW,73',1:0,Left-footed shot,Not Applicable
Ligue 1 ,18,12/16/17,Away,Paris Saint-Germain,Stade Rennais FC,1:4,LW,4',0:1,Tap-in,Kylian Mbappé
Ligue 1 ,18,12/16/17,Away,Paris Saint-Germain,Stade Rennais FC,1:4,LW,76',1:4,Left-footed shot,Kylian Mbappé
Coupe de France ,Third Round,1/7/18,Away,Paris Saint-Germain,Stade Rennais FC,1:6,LW,17',0:2,Left-footed shot,Marco Verratti
Coupe de France ,Third Round,1/7/18,Away,Paris Saint-Germain,Stade Rennais FC,1:6,LW,43',0:4,Right-footed shot,Kylian Mbappé
Coupe de la Ligue ,Quarter-Finals,1/10/18,Away,Paris Saint-Germain,Amiens SC,0:2,LW,53',0:1,Penalty,Not Applicable
Ligue 1 ,21,1/17/18,Home,Paris Saint-Germain,Dijon FCO,8:0,LW,42',4:0,Direct free kick,Not Applicable
Ligue 1 ,21,1/17/18,Home,Paris Saint-Germain,Dijon FCO,8:0,LW,57',5:0,Left-footed shot,Not Applicable
Ligue 1 ,21,1/17/18,Home,Paris Saint-Germain,Dijon FCO,8:0,LW,73',6:0,Solo run,Not Applicable
Ligue 1 ,21,1/17/18,Home,Paris Saint-Germain,Dijon FCO,8:0,LW,83',8:0,Penalty,Not Applicable
Ligue 1 ,23,1/27/18,Home,Paris Saint-Germain,Montpellier HSC,4:0,LW,40',2:0,Penalty,Not Applicable
Ligue 1 ,23,1/27/18,Home,Paris Saint-Germain,Montpellier HSC,4:0,LW,82',4:0,Left-footed shot,Edinson Cavani
Ligue 1 ,24,2/3/18,Away,Paris Saint-Germain,LOSC Lille,0:3,LW,77',0:2,Direct free kick,Not Applicable
Ligue 1 ,26,2/17/18,Home,Paris Saint-Germain,RC Strasbourg Alsace,5:2,LW,21',2:1,Right-footed shot,Not Applicable
Ligue 1 ,1,8/12/18,Home,Paris Saint-Germain,SM Caen,3:0,CF,10',1:0,Left-footed shot,Christopher Nkunku
Ligue 1 ,2,8/18/18,Away,Paris Saint-Germain,EA Guingamp,1:3,LW,53',1:1,Penalty,Not Applicable
Ligue 1 ,3,8/25/18,Home,Paris Saint-Germain,Angers SCO,3:1,AM,66',3:1,Left-footed shot,Kylian Mbappé
Ligue 1 ,4,9/1/18,Away,Paris Saint-Germain,Nîmes Olympique,2:4,SS,36',0:1,Left-footed shot,Thomas Meunier
Ligue 1 ,7,9/26/18,Home,Paris Saint-Germain,Stade Reims,4:1,SS,24',2:1,Penalty,Not Applicable
Ligue 1 ,8,9/29/18,Away,Paris Saint-Germain,OGC Nice,0:3,SS,22',0:1,Right-footed shot,Moussa Diaby
Ligue 1 ,8,9/29/18,Away,Paris Saint-Germain,OGC Nice,0:3,SS,90'+2,0:3,Right-footed shot,Kylian Mbappé
Champions League ,Group Stage,10/3/18,Home,Paris Saint-Germain,Red Star Belgrade,6:1,SS,20',1:0,Direct free kick,Not Applicable
Champions League ,Group Stage,10/3/18,Home,Paris Saint-Germain,Red Star Belgrade,6:1,SS,22',2:0,Left-footed shot,Kylian Mbappé
Champions League ,Group Stage,10/3/18,Home,Paris Saint-Germain,Red Star Belgrade,6:1,SS,81',6:1,Direct free kick,Not Applicable
Ligue 1 ,9,10/7/18,Home,Paris Saint-Germain,Olympique Lyon,5:0,SS,9',1:0,Penalty,Not Applicable
Ligue 1 ,12,11/2/18,Home,Paris Saint-Germain,LOSC Lille,2:1,CF,84',2:0,Right-footed shot,Kylian Mbappé
Ligue 1 ,13,11/11/18,Away,Paris Saint-Germain,AS Monaco,0:4,AM,64',0:4,Penalty,Not Applicable
Champions League ,Group Stage,11/28/18,Home,Paris Saint-Germain,Liverpool FC,2:1,LW,37',2:0,Tap-in,Edinson Cavani
Ligue 1 ,15,12/2/18,Away,Paris Saint-Germain,FC Girondins Bordeaux,2:2,LW,34',0:1,Right-footed shot,Dani Alves
Champions League ,Group Stage,12/11/18,Away,Paris Saint-Germain,Red Star Belgrade,1:4,LW,40',0:2,Right-footed shot,Kylian Mbappé
Coupe de France ,Third Round,1/6/19,Away,Paris Saint-Germain,GSI Pontivy,0:4,SS,70',0:2,Right-footed shot,Moussa Diaby
Coupe de la Ligue ,Quarter-Finals,1/9/19,Home,Paris Saint-Germain,EA Guingamp,1:2,SS,63',1:0,Header,Thomas Meunier
Ligue 1 ,21,1/19/19,Home,Paris Saint-Germain,EA Guingamp,9:0,LW,11',1:0,Right-footed shot,Dani Alves
Ligue 1 ,21,1/19/19,Home,Paris Saint-Germain,EA Guingamp,9:0,LW,68',6:0,Right-footed shot,Kylian Mbappé
Coupe de France ,Final,4/27/19,Away,Paris Saint-Germain,Stade Rennais FC,8:7,LW,21',0:2,Right-footed shot,Ángel Di María
Ligue 1 ,35,5/4/19,Home,Paris Saint-Germain,OGC Nice,1:1,SS,60',1:1,Penalty,Not Applicable
Ligue 1 ,36,5/11/19,Away,Paris Saint-Germain,Angers SCO,1:2,SS,20',0:1,Header,Dani Alves
Ligue 1 ,5,9/14/19,Home,Paris Saint-Germain,RC Strasbourg Alsace,1:0,SS,90'+2,1:0,Left-footed shot,Abdou Diallo
Ligue 1 ,6,9/22/19,Away,Paris Saint-Germain,Olympique Lyon,0:1,LW,87',0:1,Left-footed shot,Ángel Di María
Ligue 1 ,8,9/28/19,Away,Paris Saint-Germain,FC Girondins Bordeaux,0:1,CF,70',0:1,Right-footed shot,Kylian Mbappé
Ligue 1 ,9,10/5/19,Home,Paris Saint-Germain,Angers SCO,4:0,LW,90',4:0,Left-footed shot,Eric Maxim Choupo-Moting
Ligue 1 ,16,12/4/19,Home,Paris Saint-Germain,FC Nantes,2:0,LW,85',2:0,Penalty,Not Applicable
Ligue 1 ,17,12/7/19,Away,Paris Saint-Germain,Montpellier HSC,1:3,LW,74',1:1,Direct free kick,Not Applicable
Champions League ,Group Stage,12/11/19,Home,Paris Saint-Germain,Galatasaray,5:0,LW,47',3:0,Left-footed shot,Kylian Mbappé
Ligue 1 ,18,12/15/19,Away,Paris Saint-Germain,AS Saint-Étienne,0:4,LW,9',0:1,Deflected shot on goal,Leandro Paredes
Ligue 1 ,19,12/21/19,Home,Paris Saint-Germain,Amiens SC,4:1,LW,46',2:0,Right-footed shot,Mauro Icardi
Coupe de la Ligue ,Quarter-Finals,1/8/20,Home,Paris Saint-Germain,AS Saint-Étienne,6:1,LW,39',2:0,Right-footed shot,Ángel Di María
Ligue 1 ,20,1/12/20,Home,Paris Saint-Germain,AS Monaco,3:3,LW,3',1:0,Left-footed shot,Marco Verratti
Ligue 1 ,20,1/12/20,Home,Paris Saint-Germain,AS Monaco,3:3,LW,42',3:2,Penalty,Not Applicable
Ligue 1 ,15,1/15/20,Away,Paris Saint-Germain,AS Monaco,1:4,LW,45'+2,0:2,Penalty,Not Applicable
Ligue 1 ,21,1/26/20,Away,Paris Saint-Germain,LOSC Lille,0:2,LW,28',0:1,Right-footed shot,Marco Verratti
Ligue 1 ,21,1/26/20,Away,Paris Saint-Germain,LOSC Lille,0:2,LW,52',0:2,Penalty,Not Applicable
Champions League ,last 16,2/18/20,Away,Paris Saint-Germain,Borussia Dortmund,2:1,LW,75',1:1,Left-footed shot,Kylian Mbappé
Coupe de France ,Semi-Finals,3/4/20,Away,Paris Saint-Germain,Olympique Lyon,1:5,LW,64',1:2,Penalty,Not Applicable
Champions League ,last 16,3/11/20,Home,Paris Saint-Germain,Borussia Dortmund,2:0,LW,28',1:0,Header,Ángel Di María
Coupe de France ,Final,7/24/20,Home,Paris Saint-Germain,AS Saint-Étienne,1:0,LW,14',1:0,Left-footed shot,Not Applicable
Ligue 1 ,6,10/2/20,Home,Paris Saint-Germain,Angers SCO,6:1,LW,36',2:0,Left-footed shot,Kylian Mbappé
Ligue 1 ,6,10/2/20,Home,Paris Saint-Germain,Angers SCO,6:1,LW,47',3:0,Right-footed shot,Not Applicable
Champions League ,Group Stage,11/24/20,Home,Paris Saint-Germain,RB Leipzig,1:0,CF,11',1:0,Penalty,Not Applicable
Ligue 1 ,12,11/28/20,Home,Paris Saint-Germain,FC Girondins Bordeaux,2:2,LW,27',1:1,Penalty,Not Applicable
Champions League ,Group Stage,12/2/20,Away,Paris Saint-Germain,Manchester United,1:3,LW,6',0:1,Right-footed shot,Not Applicable
Champions League ,Group Stage,12/2/20,Away,Paris Saint-Germain,Manchester United,1:3,LW,90'+1,1:3,Left-footed shot,Rafinha
Champions League ,Group Stage,12/9/20,Home,Paris Saint-Germain,Basaksehir FK,5:1,CF,21',1:0,Right-footed shot,Marco Verratti
Champions League ,Group Stage,12/9/20,Home,Paris Saint-Germain,Basaksehir FK,5:1,CF,37',2:0,Counter attack goal,Kylian Mbappé
Champions League ,Group Stage,12/9/20,Home,Paris Saint-Germain,Basaksehir FK,5:1,CF,50',4:0,Right-footed shot,Ángel Di María
Trophée des Champions ,Final,1/13/21,Home,Paris Saint-Germain,Olympique Marseille,2:1,LW,85',2:0,Penalty,Not Applicable
Ligue 1 ,21,1/22/21,Home,Paris Saint-Germain,Montpellier HSC,4:0,LW,60',2:0,Right-footed shot,Kylian Mbappé
Ligue 1 ,22,1/31/21,Away,Paris Saint-Germain,FC Lorient,3:2,LW,45',1:1,Penalty,Not Applicable
Ligue 1 ,22,1/31/21,Away,Paris Saint-Germain,FC Lorient,3:2,LW,58',1:2,Penalty,Not Applicable
Coupe de France ,Quarter-Finals,4/21/21,Home,Paris Saint-Germain,Angers SCO,5:0,SS,65',3:0,Header,Julian Draxler
Ligue 1 ,35,5/1/21,Home,Paris Saint-Germain,RC Lens,2:1,LW,33',1:0,Right-footed shot,Julian Draxler
Ligue 1 ,36,5/9/21,Away,Paris Saint-Germain,Stade Rennais FC,1:1,LW,45'+6,0:1,Penalty,Not Applicable
Ligue 1 ,37,5/16/21,Home,Paris Saint-Germain,Stade Reims,4:0,SS,13',1:0,Penalty,Not Applicable
Ligue 1 ,6,9/19/21,Home,Paris Saint-Germain,Olympique Lyon,2:1,LW,66',1:1,Penalty,Not Applicable
Ligue 1 ,13,11/6/21,Away,Paris Saint-Germain,FC Girondins Bordeaux,2:3,LW,26',0:1,Right-footed shot,Kylian Mbappé
Ligue 1 ,13,11/6/21,Away,Paris Saint-Germain,FC Girondins Bordeaux,2:3,LW,43',0:2,Right-footed shot,Kylian Mbappé
Ligue 1 ,25,2/19/22,Away,Paris Saint-Germain,FC Nantes,3:1,LW,47',3:1,Right-footed shot,Lionel Messi
Ligue 1 ,28,3/13/22,Home,Paris Saint-Germain,FC Girondins Bordeaux,3:0,LW,52',2:0,Right-footed shot,Achraf Hakimi
Ligue 1 ,30,4/3/22,Home,Paris Saint-Germain,FC Lorient,5:1,LW,12',1:0,Right-footed shot,Kylian Mbappé
Ligue 1 ,30,4/3/22,Home,Paris Saint-Germain,FC Lorient,5:1,LW,90',5:1,Right-footed shot,Kylian Mbappé
Ligue 1 ,31,4/9/22,Away,Paris Saint-Germain,Clermont Foot 63,1:6,LW,6',0:1,Left-footed shot,Lionel Messi
Ligue 1 ,31,4/9/22,Away,Paris Saint-Germain,Clermont Foot 63,1:6,LW,71',1:3,Penalty,Not Applicable
Ligue 1 ,31,4/9/22,Away,Paris Saint-Germain,Clermont Foot 63,1:6,LW,83',1:6,Left-footed shot,Kylian Mbappé
Ligue 1 ,32,4/17/22,Home,Paris Saint-Germain,Olympique Marseille,2:1,LW,12',1:0,Left-footed shot,Marco Verratti
Ligue 1 ,36,5/8/22,Home,Paris Saint-Germain,ESTAC Troyes,2:2,LW,25',2:0,Penalty,Not Applicable
Ligue 1 ,38,5/21/22,Home,Paris Saint-Germain,FC Metz,5:0,LW,31',3:0,Right-footed shot,Not Applicable
Trophée des Champions ,Final,7/31/22,Home,Paris Saint-Germain,FC Nantes,4:0,LW,45'+5,2:0,Direct free kick,Not Applicable
Trophée des Champions ,Final,7/31/22,Home,Paris Saint-Germain,FC Nantes,4:0,LW,82',4:0,Penalty,Not Applicable
Ligue 1 ,1,8/6/22,Away,Paris Saint-Germain,Clermont Foot 63,0:5,LW,9',0:1,Right-footed shot,Lionel Messi
Ligue 1 ,2,8/13/22,Home,Paris Saint-Germain,Montpellier HSC,5:2,CF,43',2:0,Penalty,Not Applicable
Ligue 1 ,2,8/13/22,Home,Paris Saint-Germain,Montpellier HSC,5:2,CF,51',3:0,Header,Not Applicable
Ligue 1 ,3,8/21/22,Away,Paris Saint-Germain,LOSC Lille,1:7,AM,43',0:4,Right-footed shot,Not Applicable
Ligue 1 ,3,8/21/22,Away,Paris Saint-Germain,LOSC Lille,1:7,AM,52',0:5,Right-footed shot,Achraf Hakimi
Ligue 1 ,4,8/28/22,Home,Paris Saint-Germain,AS Monaco,1:1,AM,70',1:1,Penalty,Not Applicable
Ligue 1 ,5,8/31/22,Away,Paris Saint-Germain,FC Toulouse,0:3,AM,37',0:1,Right-footed shot,Lionel Messi
Ligue 1 ,7,9/10/22,Home,Paris Saint-Germain,Stade Brestois 29,1:0,CF,30',1:0,Left-footed shot,Lionel Messi
Champions League ,Group Stage,9/14/22,Away,Paris Saint-Germain,Maccabi Haifa,1:3,SS,88',1:3,Left-footed shot,Marco Verratti
