Tournament,Matchday,Date,Venue,Club,Opponent,Result,Position,Minute,When Scored,Goal Type,Assist
Liga Portugal ,6,10/7/02,Home,Sporting CP,Moreirense FC,3:0,LW,34',2:0,Solo run,Not Applicable
Liga Portugal ,6,10/7/02,Home,Sporting CP,Moreirense FC,3:0,LW,90'+5,3:0,Header,Rui Jorge
Liga Portugal ,8,10/26/02,Away,Sporting CP,Boavista FC,1:2,Not Applicable,88',1:2,Right-footed shot,Carlos Martins
Taça de Portugal ,Fourth Round,11/24/02,Home,Sporting CP,CD Estarreja,4:1,Not Applicable,67',3:0,Left-footed shot,César Prates
Taça de Portugal ,Fifth Round,12/18/02,Home,Sporting CP,FC Oliveira do Hospital,8:1,Not Applicable,13',3:0,Not Applicable,Not Applicable
Premier League ,11,11/1/03,Home,Manchester United,Portsmouth FC,3:0,RW,80',2:0,Direct free kick,Not Applicable
FA Cup ,Fifth Round,2/14/04,Home,Manchester United,Manchester City,4:2,RW,74',3:0,Right-footed shot,Not Applicable
Premier League ,29,3/20/04,Home,Manchester United,Tottenham Hotspur,3:0,Not Applicable,89',2:0,Right-footed shot,Roy Keane
Premier League ,32,4/10/04,Away,Manchester United,Birmingham City,1:2,Not Applicable,60',1:1,Header,Ryan Giggs
Premier League ,38,5/15/04,Away,Manchester United,Aston Villa,0:2,Not Applicable,4',0:1,Right-footed shot,Not Applicable
FA Cup ,Final,5/22/04,Home,Manchester United,Millwall FC,3:0,RW,44',1:0,Header,Gary Neville
Premier League ,16,12/4/04,Home,Manchester United,Southampton FC,3:0,Not Applicable,87',3:0,Right-footed shot,Gary Neville
FA Cup ,Third Round,1/19/05,Away,Manchester United,Exeter City,0:2,Not Applicable,9',0:1,Not Applicable,Paul Scholes
Premier League ,24,1/22/05,Home,Manchester United,Aston Villa,3:1,Not Applicable,8',1:0,Right-footed shot,Louis Saha
Premier League ,25,2/1/05,Away,Manchester United,Arsenal FC,2:4,RW,54',2:2,Left-footed shot,Ryan Giggs
Premier League ,25,2/1/05,Away,Manchester United,Arsenal FC,2:4,RW,58',2:3,Tap-in,Ryan Giggs
FA Cup ,Fifth Round,2/19/05,Away,Manchester United,Everton FC,0:2,Not Applicable,58',0:2,Tap-in,Paul Scholes
FA Cup ,Sixth Round,3/12/05,Away,Manchester United,Southampton FC,0:4,Not Applicable,45'+1,0:2,Left-footed shot,Ruud van Nistelrooy
Premier League ,30,3/19/05,Home,Manchester United,Fulham FC,1:0,Not Applicable,21',1:0,Right-footed shot,Roy Keane
FA Cup ,Semi-Finals,4/17/05,Away,Manchester United,Newcastle United,1:4,RW,76',1:4,Right-footed shot,Ruud van Nistelrooy
Champions League Qu. ,3rd round,8/9/05,Home,Manchester United,Debreceni VSC,3:0,LW,63',3:0,Right-footed shot,Paul Scholes
Premier League ,11,10/29/05,Away,Manchester United,Middlesbrough FC,4:1,Not Applicable,90',4:1,Header,Paul Scholes
EFL Cup ,Round of 16,11/30/05,Home,Manchester United,West Bromwich Albion,3:1,RW,12',1:1,Penalty,Not Applicable
Premier League ,20,12/31/05,Home,Manchester United,Bolton Wanderers,4:1,Not Applicable,68',3:1,Right-footed shot,Wayne Rooney
Premier League ,20,12/31/05,Home,Manchester United,Bolton Wanderers,4:1,Not Applicable,90',4:1,Left-footed shot,Ruud van Nistelrooy
Premier League ,25,2/4/06,Home,Manchester United,Fulham FC,4:2,Not Applicable,14',2:0,Direct free kick,Not Applicable
Premier League ,25,2/4/06,Home,Manchester United,Fulham FC,4:2,Not Applicable,87',4:2,Right-footed shot,Not Applicable
Premier League ,26,2/11/06,Away,Manchester United,Portsmouth FC,1:3,RW,38',0:2,Left-footed shot,Not Applicable
Premier League ,26,2/11/06,Away,Manchester United,Portsmouth FC,1:3,RW,45',0:3,Right-footed shot,Wayne Rooney
EFL Cup ,Final,2/26/06,Home,Manchester United,Wigan Athletic,4:0,RW,59',3:0,Not Applicable,Louis Saha
Premier League ,28,3/6/06,Away,Manchester United,Wigan Athletic,1:2,Not Applicable,74',1:1,Right-footed shot,Ruud van Nistelrooy
Premier League ,38,5/7/06,Home,Manchester United,Charlton Athletic,4:0,RW,23',2:0,Left-footed shot,Ryan Giggs
Premier League ,1,8/20/06,Home,Manchester United,Fulham FC,5:1,Not Applicable,19',4:0,Not Applicable,Wayne Rooney
Premier League ,6,9/23/06,Away,Manchester United,Reading FC,1:1,CF,73',1:1,Not Applicable,John O'Shea
Premier League ,10,10/28/06,Away,Manchester United,Bolton Wanderers,0:4,Not Applicable,82',0:3,Not Applicable,Louis Saha
Premier League ,11,11/4/06,Home,Manchester United,Portsmouth FC,3:0,RW,10',2:0,Direct free kick,Not Applicable
Premier League ,15,11/29/06,Home,Manchester United,Everton FC,3:0,Not Applicable,39',1:0,Not Applicable,Not Applicable
Premier League ,17,12/9/06,Home,Manchester United,Manchester City,3:1,Not Applicable,84',3:1,Not Applicable,Not Applicable
Premier League ,19,12/23/06,Away,Manchester United,Aston Villa,0:3,Not Applicable,58',0:1,Not Applicable,Not Applicable
Premier League ,19,12/23/06,Away,Manchester United,Aston Villa,0:3,Not Applicable,85',0:3,Not Applicable,Gary Neville
Premier League ,20,12/26/06,Home,Manchester United,Wigan Athletic,3:1,Not Applicable,47',1:0,Not Applicable,Paul Scholes
Premier League ,20,12/26/06,Home,Manchester United,Wigan Athletic,3:1,Not Applicable,50',2:0,Penalty rebound,Not Applicable
Premier League ,21,12/30/06,Home,Manchester United,Reading FC,3:2,RW,58',2:1,Not Applicable,Not Applicable
Premier League ,21,12/30/06,Home,Manchester United,Reading FC,3:2,RW,77',3:1,Not Applicable,Ryan Giggs
Premier League ,23,1/13/07,Home,Manchester United,Aston Villa,3:1,Not Applicable,34',3:0,Header,Michael Carrick
Premier League ,25,1/31/07,Home,Manchester United,Watford FC,4:0,RW,12',1:0,Penalty,Not Applicable
Premier League ,26,2/3/07,Away,Manchester United,Tottenham Hotspur,0:4,RW,45',0:1,Penalty,Not Applicable
Premier League ,28,2/24/07,Away,Manchester United,Fulham FC,1:2,Not Applicable,88',1:2,Solo run,Mikaël Silvestre
FA Cup ,Sixth Round,3/10/07,Away,Manchester United,Middlesbrough FC,2:2,RW,68',2:2,Penalty,Not Applicable
FA Cup ,6th round,3/19/07,Home,Manchester United,Middlesbrough FC,1:0,Not Applicable,76',1:0,Penalty,Not Applicable
Champions League ,Quarter-Finals,4/10/07,Home,Manchester United,AS Roma,7:1,RW,44',4:0,Right-footed shot,Ryan Giggs
Champions League ,Quarter-Finals,4/10/07,Home,Manchester United,AS Roma,7:1,RW,49',5:0,Right-footed shot,Ryan Giggs
FA Cup ,Semi-Finals,4/14/07,Away,Manchester United,Watford FC,1:4,Not Applicable,28',1:2,Right-footed shot,Wayne Rooney
Champions League ,Semi-Finals,4/24/07,Home,Manchester United,AC Milan,3:2,RW,5',1:0,Header,Ryan Giggs
Premier League ,37,5/5/07,Away,Manchester United,Manchester City,0:1,RW,34',0:1,Penalty,Not Applicable
Champions League ,Group Stage,9/19/07,Away,Manchester United,Sporting CP,0:1,CF,62',0:1,Header,Wes Brown
Premier League ,8,9/29/07,Away,Manchester United,Birmingham City,0:1,RW,51',0:1,Not Applicable,Not Applicable
Premier League ,9,10/6/07,Home,Manchester United,Wigan Athletic,4:0,RW,59',2:0,Header,Ryan Giggs
Premier League ,9,10/6/07,Home,Manchester United,Wigan Athletic,4:0,RW,76',3:0,Right-footed shot,Wayne Rooney
Champions League ,Group Stage,10/23/07,Away,Manchester United,Dynamo Kyiv,2:4,RW,41',1:3,Penalty,Not Applicable
Champions League ,Group Stage,10/23/07,Away,Manchester United,Dynamo Kyiv,2:4,RW,68',1:4,Header,Ryan Giggs
Premier League ,12,11/3/07,Away,Manchester United,Arsenal FC,2:2,RW,82',1:2,Not Applicable,Patrice Evra
Champions League ,Group Stage,11/7/07,Home,Manchester United,Dynamo Kyiv,4:0,RW,88',4:0,Right-footed shot,Patrice Evra
Premier League ,13,11/11/07,Home,Manchester United,Blackburn Rovers,2:0,RW,34',1:0,Header,Ryan Giggs
Premier League ,13,11/11/07,Home,Manchester United,Blackburn Rovers,2:0,RW,35',2:0,Right-footed shot,Carlos Tevez
Champions League ,Group Stage,11/27/07,Home,Manchester United,Sporting CP,2:1,RW,90'+3,2:1,Direct free kick,Not Applicable
Premier League ,15,12/3/07,Home,Manchester United,Fulham FC,2:0,RW,10',1:0,Right-footed shot,Nemanja Vidic‎
Premier League ,15,12/3/07,Home,Manchester United,Fulham FC,2:0,RW,58',2:0,Header,John O'Shea
Premier League ,16,12/8/07,Home,Manchester United,Derby County,4:1,RW,90',4:1,Penalty,Not Applicable
Premier League ,18,12/23/07,Home,Manchester United,Everton FC,2:1,RW,22',1:0,Left-footed shot,Carlos Tevez
Premier League ,18,12/23/07,Home,Manchester United,Everton FC,2:1,RW,87',2:1,Penalty,Not Applicable
Premier League ,19,12/26/07,Away,Manchester United,Sunderland AFC,0:4,Not Applicable,45',0:3,Direct free kick,Not Applicable
Premier League ,20,12/29/07,Away,Manchester United,West Ham United,2:1,RW,14',0:1,Header,Ryan Giggs
FA Cup ,Third Round,1/5/08,Away,Manchester United,Aston Villa,0:2,Not Applicable,81',0:1,Left-footed shot,Ryan Giggs
Premier League ,22,1/12/08,Home,Manchester United,Newcastle United,6:0,RW,48',1:0,Direct free kick,Not Applicable
Premier League ,22,1/12/08,Home,Manchester United,Newcastle United,6:0,RW,70',3:0,Right-footed shot,Carlos Tevez
Premier League ,22,1/12/08,Home,Manchester United,Newcastle United,6:0,RW,88',5:0,Left-footed shot,Not Applicable
Premier League ,23,1/19/08,Away,Manchester United,Reading FC,0:2,RW,90'+2,0:2,Right-footed shot,Not Applicable
FA Cup ,Fourth Round,1/27/08,Home,Manchester United,Tottenham Hotspur,3:1,RW,69',2:1,Penalty,Not Applicable
FA Cup ,Fourth Round,1/27/08,Home,Manchester United,Tottenham Hotspur,3:1,RW,88',3:1,Right-footed shot,Ryan Giggs
Premier League ,24,1/30/08,Home,Manchester United,Portsmouth FC,2:0,RW,10',1:0,Right-footed shot,Nani
Premier League ,24,1/30/08,Home,Manchester United,Portsmouth FC,2:0,RW,12',2:0,Direct free kick,Not Applicable
Premier League ,27,2/23/08,Away,Manchester United,Newcastle United,1:5,RW,45',0:2,Right-footed shot,Michael Carrick
Premier League ,27,2/23/08,Away,Manchester United,Newcastle United,1:5,RW,56',0:3,Right-footed shot,Not Applicable
Champions League ,last 16,3/4/08,Home,Manchester United,Olympique Lyon,1:0,RW,41',1:0,Left-footed shot,Not Applicable
Premier League ,29,3/15/08,Away,Manchester United,Derby County,0:1,Not Applicable,76',0:1,Right-footed shot,Wayne Rooney
Premier League ,30,3/19/08,Home,Manchester United,Bolton Wanderers,2:0,Not Applicable,8',1:0,Right-footed shot,Not Applicable
Premier League ,30,3/19/08,Home,Manchester United,Bolton Wanderers,2:0,Not Applicable,19',2:0,Direct free kick,Not Applicable
Premier League ,31,3/23/08,Home,Manchester United,Liverpool FC,3:0,RW,79',2:0,Header,Nani
Premier League ,32,3/29/08,Home,Manchester United,Aston Villa,4:0,RW,16',1:0,Right-footed shot,Not Applicable
Champions League ,Quarter-Finals,4/1/08,Away,Manchester United,AS Roma,0:2,CF,39',0:1,Header,Paul Scholes
Premier League ,33,4/6/08,Away,Manchester United,Middlesbrough FC,2:2,RW,9',0:1,Left-footed shot,Michael Carrick
Premier League ,34,4/13/08,Home,Manchester United,Arsenal FC,2:1,RW,53',1:1,Penalty,Not Applicable
Premier League ,37,5/3/08,Home,Manchester United,West Ham United,4:1,RW,3',1:0,Right-footed shot,Edwin van der Sar
Premier League ,37,5/3/08,Home,Manchester United,West Ham United,4:1,RW,24',2:0,Right-footed shot,Owen Hargreaves
Premier League ,38,5/11/08,Away,Manchester United,Wigan Athletic,0:2,RW,32',0:1,Penalty,Not Applicable
Champions League ,Final,5/21/08,Home,Manchester United,Chelsea FC,6:5,LW,26',1:0,Header,Wes Brown
EFL Cup ,Third Round,9/23/08,Home,Manchester United,Middlesbrough FC,3:1,Not Applicable,25',1:0,Header,Ryan Giggs
Premier League ,6,9/27/08,Home,Manchester United,Bolton Wanderers,2:0,RW,59',1:0,Penalty,Not Applicable
Premier League ,8,10/18/08,Home,Manchester United,West Bromwich Albion,4:0,RW,69',2:0,Left-footed shot,Wayne Rooney
Premier League ,10,10/29/08,Home,Manchester United,West Ham United,2:0,RW,14',1:0,Left-footed shot,Nani
Premier League ,10,10/29/08,Home,Manchester United,West Ham United,2:0,RW,30',2:0,Right-footed shot,Dimitar Berbatov
Premier League ,11,11/1/08,Home,Manchester United,Hull City,4:3,RW,3',1:0,Left-footed shot,Dimitar Berbatov
Premier League ,11,11/1/08,Home,Manchester United,Hull City,4:3,RW,43',3:1,Header,Nani
Premier League ,13,11/15/08,Home,Manchester United,Stoke City,5:0,RW,3',1:0,Direct free kick,Not Applicable
Premier League ,13,11/15/08,Home,Manchester United,Stoke City,5:0,RW,88',5:0,Direct free kick,Not Applicable
Club World Cup ,Semi-Finals,12/18/08,Away,Manchester United,Gamba Osaka,3:5,LW,45'+1,0:2,Header,Ryan Giggs
EFL Cup ,Semi-Finals,1/20/09,Home,Manchester United,Derby County,4:2,Not Applicable,89',4:1,Penalty,Not Applicable
Premier League ,23,1/27/09,Away,Manchester United,West Bromwich Albion,0:5,LW,65',0:4,Right-footed shot,Ryan Giggs
Premier League ,23,1/27/09,Away,Manchester United,West Bromwich Albion,0:5,LW,73',0:5,Right-footed shot,Dimitar Berbatov
Premier League ,24,1/31/09,Home,Manchester United,Everton FC,1:0,LW,43',1:0,Penalty,Not Applicable
FA Cup ,Fifth Round,2/15/09,Away,Manchester United,Derby County,1:4,CF,68',1:3,Header,Ryan Giggs
Premier League ,26,2/21/09,Home,Manchester United,Blackburn Rovers,2:1,Not Applicable,60',2:1,Direct free kick,Not Applicable
Champions League ,last 16,3/11/09,Home,Manchester United,FC Internazionale,2:0,RW,49',2:0,Header,Wayne Rooney
Premier League ,29,3/14/09,Home,Manchester United,Liverpool FC,1:4,RW,22',1:0,Penalty,Not Applicable
Premier League ,31,4/5/09,Home,Manchester United,Aston Villa,3:2,RW,11',1:0,Direct free kick,Not Applicable
Premier League ,31,4/5/09,Home,Manchester United,Aston Villa,3:2,RW,80',2:2,Left-footed shot,Michael Carrick
Champions League ,Quarter-Finals,4/15/09,Away,Manchester United,FC Porto,0:1,RW,6',0:1,Long distance kick,Anderson
Premier League ,34,4/25/09,Home,Manchester United,Tottenham Hotspur,5:2,RW,57',1:2,Penalty,Not Applicable
Premier League ,34,4/25/09,Home,Manchester United,Tottenham Hotspur,5:2,RW,68',3:2,Header,Wayne Rooney
Champions League ,Semi-Finals,5/5/09,Away,Manchester United,Arsenal FC,1:3,CF,11',0:2,Direct free kick,Not Applicable
Champions League ,Semi-Finals,5/5/09,Away,Manchester United,Arsenal FC,1:3,CF,61',0:3,Right-footed shot,Wayne Rooney
Premier League ,36,5/10/09,Home,Manchester United,Manchester City,2:0,RW,17',1:0,Direct free kick,Not Applicable
LaLiga ,1,8/29/09,Home,Real Madrid,Deportivo de La Coruña,3:2,RW,35',2:1,Penalty,Not Applicable
LaLiga ,2,9/12/09,Away,Real Madrid,RCD Espanyol Barcelona,0:3,Not Applicable,90',0:3,Right-footed shot,Guti
Champions League ,Group Stage,9/15/09,Away,Real Madrid,FC Zürich,2:5,CF,27',0:1,Direct free kick,Not Applicable
Champions League ,Group Stage,9/15/09,Away,Real Madrid,FC Zürich,2:5,CF,89',2:4,Direct free kick,Not Applicable
LaLiga ,3,9/20/09,Home,Real Madrid,Xerez CD,5:0,RW,1',1:0,Right-footed shot,Not Applicable
LaLiga ,3,9/20/09,Home,Real Madrid,Xerez CD,5:0,RW,75',2:0,Header,Esteban Granero
LaLiga ,4,9/23/09,Away,Real Madrid,Villarreal CF,0:2,CF,2',0:1,Right-footed shot,Not Applicable
Champions League ,Group Stage,9/30/09,Home,Real Madrid,Olympique Marseille,3:0,CF,58',1:0,Left-footed shot,Pepe
Champions League ,Group Stage,9/30/09,Home,Real Madrid,Olympique Marseille,3:0,CF,64',3:0,Right-footed shot,Karim Benzema
LaLiga ,13,12/5/09,Home,Real Madrid,UD Almería,4:2,CF,84',4:2,Right-footed shot,Gonzalo Higuaín
Champions League ,Group Stage,12/8/09,Away,Real Madrid,Olympique Marseille,1:3,CF,5',0:1,Direct free kick,Not Applicable
Champions League ,Group Stage,12/8/09,Away,Real Madrid,Olympique Marseille,1:3,CF,80',1:3,Right-footed shot,Lassana Diarra
LaLiga ,15,12/19/09,Home,Real Madrid,Real Zaragoza,6:0,CF,50',5:0,Left-footed shot,Ezequiel Garay
LaLiga ,19,1/24/10,Home,Real Madrid,Málaga CF,2:0,RW,35',1:0,Right-footed shot,Kaká
LaLiga ,19,1/24/10,Home,Real Madrid,Málaga CF,2:0,RW,39',2:0,Right-footed shot,Guti
LaLiga ,22,2/13/10,Away,Real Madrid,Xerez CD,0:3,CF,69',0:2,Header,Kaká
LaLiga ,22,2/13/10,Away,Real Madrid,Xerez CD,0:3,CF,71',0:3,Left-footed shot,Kaká
LaLiga ,23,2/21/10,Home,Real Madrid,Villarreal CF,6:2,CF,18',1:0,Direct free kick,Not Applicable
LaLiga ,24,2/27/10,Away,Real Madrid,CD Tenerife,1:5,CF,78',1:4,Penalty,Not Applicable
LaLiga ,25,3/6/10,Home,Real Madrid,Sevilla FC,3:2,CF,59',1:2,Left-footed shot,Not Applicable
Champions League ,last 16,3/10/10,Home,Real Madrid,Olympique Lyon,1:1,LW,6',1:0,Left-footed shot,Guti
LaLiga ,26,3/14/10,Away,Real Madrid,Real Valladolid CF,1:4,CF,29',0:1,Direct free kick,Not Applicable
LaLiga ,28,3/25/10,Away,Real Madrid,Getafe CF,2:4,CF,13',0:1,Direct free kick,Not Applicable
LaLiga ,28,3/25/10,Away,Real Madrid,Getafe CF,2:4,CF,36',0:4,Right-footed shot,Not Applicable
LaLiga ,30,4/4/10,Away,Real Madrid,Racing Santander,0:2,CF,23',0:1,Penalty,Not Applicable
LaLiga ,32,4/15/10,Away,Real Madrid,UD Almería,1:2,LW,26',1:1,Left-footed shot,Not Applicable
LaLiga ,33,4/18/10,Home,Real Madrid,Valencia CF,2:0,RW,77',2:0,Right-footed shot,Marcelo
LaLiga ,35,5/2/10,Home,Real Madrid,CA Osasuna,3:2,CF,25',1:1,Right-footed shot,Not Applicable
LaLiga ,35,5/2/10,Home,Real Madrid,CA Osasuna,3:2,CF,89',3:2,Header,Gonzalo Higuaín
LaLiga ,36,5/5/10,Away,Real Madrid,RCD Mallorca,1:4,CF,26',1:1,Right-footed shot,Sergio Ramos
LaLiga ,36,5/5/10,Away,Real Madrid,RCD Mallorca,1:4,CF,56',1:2,Right-footed shot,Sergio Ramos
LaLiga ,36,5/5/10,Away,Real Madrid,RCD Mallorca,1:4,CF,71',1:3,Right-footed shot,Not Applicable
LaLiga ,37,5/8/10,Home,Real Madrid,Athletic Bilbao,5:1,CF,21',1:0,Penalty,Not Applicable
LaLiga ,4,9/21/10,Home,Real Madrid,RCD Espanyol Barcelona,3:0,LW,28',1:0,Penalty,Not Applicable
LaLiga ,6,10/3/10,Home,Real Madrid,Deportivo de La Coruña,6:1,LW,4',1:0,Header,Mesut Özil
LaLiga ,6,10/3/10,Home,Real Madrid,Deportivo de La Coruña,6:1,LW,89',6:1,Left-footed shot,Xabi Alonso
LaLiga ,7,10/16/10,Away,Real Madrid,Málaga CF,1:4,LW,45',0:2,Right-footed shot,Mesut Özil
LaLiga ,7,10/16/10,Away,Real Madrid,Málaga CF,1:4,LW,50',0:3,Penalty,Not Applicable
Champions League ,Group Stage,10/19/10,Home,Real Madrid,AC Milan,2:0,LW,13',1:0,Direct free kick,Not Applicable
LaLiga ,8,10/23/10,Home,Real Madrid,Racing Santander,6:1,LW,15',2:0,Right-footed shot,Gonzalo Higuaín
LaLiga ,8,10/23/10,Home,Real Madrid,Racing Santander,6:1,LW,26',3:0,Left-footed shot,Mesut Özil
LaLiga ,8,10/23/10,Home,Real Madrid,Racing Santander,6:1,LW,47',4:0,Right-footed shot,Ángel Di María
LaLiga ,8,10/23/10,Home,Real Madrid,Racing Santander,6:1,LW,55',5:0,Penalty,Not Applicable
LaLiga ,9,10/30/10,Away,Real Madrid,Hércules CF,1:3,LW,82',1:2,Right-footed shot,Karim Benzema
LaLiga ,9,10/30/10,Away,Real Madrid,Hércules CF,1:3,LW,86',1:3,Right-footed shot,Karim Benzema
Copa del Rey ,4th round,11/10/10,Home,Real Madrid,Real Murcia CF,5:1,Not Applicable,76',3:0,Left-footed shot,Ángel Di María
LaLiga ,12,11/20/10,Home,Real Madrid,Athletic Bilbao,5:1,LW,30',2:0,Left-footed shot,Mesut Özil
LaLiga ,12,11/20/10,Home,Real Madrid,Athletic Bilbao,5:1,LW,62',4:1,Direct free kick,Not Applicable
LaLiga ,12,11/20/10,Home,Real Madrid,Athletic Bilbao,5:1,LW,90'+1,5:1,Penalty,Not Applicable
Champions League ,Group Stage,11/23/10,Away,Real Madrid,Ajax Amsterdam,0:4,LW,70',0:3,Left-footed shot,Ángel Di María
Champions League ,Group Stage,11/23/10,Away,Real Madrid,Ajax Amsterdam,0:4,LW,81',0:4,Penalty,Not Applicable
LaLiga ,14,12/4/10,Home,Real Madrid,Valencia CF,2:0,LW,72',1:0,Left-footed shot,Mesut Özil
LaLiga ,14,12/4/10,Home,Real Madrid,Valencia CF,2:0,LW,86',2:0,Right-footed shot,Not Applicable
Champions League ,Group Stage,12/8/10,Home,Real Madrid,AJ Auxerre,4:0,LW,49',2:0,Right-footed shot,Marcelo
LaLiga ,15,12/12/10,Away,Real Madrid,Real Zaragoza,1:3,LW,43',0:2,Direct free kick,Not Applicable
Copa del Rey ,last 16,12/22/10,Home,Real Madrid,Levante UD,8:0,LW,44',4:0,Right-footed shot,Karim Benzema
Copa del Rey ,last 16,12/22/10,Home,Real Madrid,Levante UD,8:0,LW,71',6:0,Right-footed shot,Ángel Di María
Copa del Rey ,last 16,12/22/10,Home,Real Madrid,Levante UD,8:0,LW,73',7:0,Right-footed shot,Karim Benzema
LaLiga ,17,1/3/11,Away,Real Madrid,Getafe CF,2:3,LW,11',0:1,Penalty,Not Applicable
LaLiga ,17,1/3/11,Away,Real Madrid,Getafe CF,2:3,LW,57',1:3,Right-footed shot,Karim Benzema
LaLiga ,18,1/9/11,Home,Real Madrid,Villarreal CF,4:2,LW,10',1:1,Right-footed shot,Mesut Özil
LaLiga ,18,1/9/11,Home,Real Madrid,Villarreal CF,4:2,LW,45',2:2,Header,Xabi Alonso
LaLiga ,18,1/9/11,Home,Real Madrid,Villarreal CF,4:2,LW,79',3:2,Left-footed shot,Kaká
Copa del Rey ,Quarter-Finals,1/13/11,Home,Real Madrid,Atlético de Madrid,3:1,LW,60',2:1,Right-footed shot,Mesut Özil
Copa del Rey ,Quarter-Finals,1/20/11,Away,Real Madrid,Atlético de Madrid,0:1,CF,22',0:1,Right-footed shot,Sergio Ramos
LaLiga ,22,2/6/11,Home,Real Madrid,Real Sociedad,4:1,LW,20',2:0,Left-footed shot,Kaká
LaLiga ,22,2/6/11,Home,Real Madrid,Real Sociedad,4:1,LW,42',3:0,Header,Mesut Özil
LaLiga ,26,3/3/11,Home,Real Madrid,Málaga CF,7:0,LW,50',4:0,Left-footed shot,Mesut Özil
LaLiga ,26,3/3/11,Home,Real Madrid,Málaga CF,7:0,LW,67',6:0,Penalty,Not Applicable
LaLiga ,26,3/3/11,Home,Real Madrid,Málaga CF,7:0,LW,76',7:0,Right-footed shot,Sergio Canales
Champions League ,Quarter-Finals,4/5/11,Home,Real Madrid,Tottenham Hotspur,4:0,LW,87',4:0,Right-footed shot,Kaká
LaLiga ,31,4/9/11,Away,Real Madrid,Athletic Bilbao,0:3,CF,70',0:3,Right-footed shot,Esteban Granero
Champions League ,Quarter-Finals,4/13/11,Away,Real Madrid,Tottenham Hotspur,0:1,RW,50',0:1,Right-footed shot,Sami Khedira
LaLiga ,32,4/16/11,Home,Real Madrid,FC Barcelona,1:1,LW,82',1:1,Penalty,Not Applicable
Copa del Rey ,Final,4/20/11,Away,Real Madrid,FC Barcelona,0:1,CF,103',0:1,Header,Ángel Di María
LaLiga ,35,5/7/11,Away,Real Madrid,Sevilla FC,2:6,LW,30',0:2,Right-footed shot,Pepe
LaLiga ,35,5/7/11,Away,Real Madrid,Sevilla FC,2:6,LW,64',1:4,Right-footed shot,Not Applicable
LaLiga ,35,5/7/11,Away,Real Madrid,Sevilla FC,2:6,LW,70',1:5,Right-footed shot,Mesut Özil
LaLiga ,35,5/7/11,Away,Real Madrid,Sevilla FC,2:6,LW,76',1:6,Right-footed shot,Karim Benzema
LaLiga ,36,5/10/11,Home,Real Madrid,Getafe CF,4:0,LW,23',1:0,Header,Mesut Özil
LaLiga ,36,5/10/11,Home,Real Madrid,Getafe CF,4:0,LW,57',2:0,Left-footed shot,Mesut Özil
LaLiga ,36,5/10/11,Home,Real Madrid,Getafe CF,4:0,LW,90'+1,4:0,Penalty,Not Applicable
LaLiga ,37,5/15/11,Away,Real Madrid,Villarreal CF,1:3,CF,22',0:2,Direct free kick,Not Applicable
LaLiga ,37,5/15/11,Away,Real Madrid,Villarreal CF,1:3,CF,90',1:3,Direct free kick,Not Applicable
LaLiga ,38,5/21/11,Home,Real Madrid,UD Almería,8:1,LW,4',1:0,Right-footed shot,Sergio Ramos
LaLiga ,38,5/21/11,Home,Real Madrid,UD Almería,8:1,LW,76',7:1,Right-footed shot,Sergio Ramos
Supercopa ,final,8/17/11,Away,Real Madrid,FC Barcelona,3:2,LW,20',1:1,Right-footed shot,Karim Benzema
LaLiga ,2,8/28/11,Away,Real Madrid,Real Zaragoza,0:6,LW,23',0:1,Left-footed shot,Mesut Özil
LaLiga ,2,8/28/11,Away,Real Madrid,Real Zaragoza,0:6,LW,70',0:4,Right-footed shot,Ángel Di María
LaLiga ,2,8/28/11,Away,Real Madrid,Real Zaragoza,0:6,LW,86',0:6,Right-footed shot,Kaká
LaLiga ,3,9/10/11,Home,Real Madrid,Getafe CF,4:2,LW,59',2:1,Penalty,Not Applicable
LaLiga ,6,9/24/11,Home,Real Madrid,Rayo Vallecano,6:2,LW,39',1:1,Left-footed shot,Kaká
LaLiga ,6,9/24/11,Home,Real Madrid,Rayo Vallecano,6:2,LW,51',3:1,Penalty,Not Applicable
LaLiga ,6,9/24/11,Home,Real Madrid,Rayo Vallecano,6:2,LW,84',6:2,Penalty,Not Applicable
Champions League ,Group Stage,9/27/11,Home,Real Madrid,Ajax Amsterdam,3:0,LW,25',1:0,Right-footed shot,Karim Benzema
LaLiga ,9,10/22/11,Away,Real Madrid,Málaga CF,0:4,LW,24',0:2,Left-footed shot,Ángel Di María
LaLiga ,9,10/22/11,Away,Real Madrid,Málaga CF,0:4,LW,28',0:3,Right-footed shot,Xabi Alonso
LaLiga ,9,10/22/11,Away,Real Madrid,Málaga CF,0:4,LW,38',0:4,Right-footed shot,Sergio Ramos
Champions League ,Group Stage,11/2/11,Away,Real Madrid,Olympique Lyon,0:2,LW,25',0:1,Direct free kick,Not Applicable
Champions League ,Group Stage,11/2/11,Away,Real Madrid,Olympique Lyon,0:2,LW,69',0:2,Penalty,Not Applicable
LaLiga ,12,11/6/11,Home,Real Madrid,CA Osasuna,7:1,LW,23',1:0,Header,Ángel Di María
LaLiga ,12,11/6/11,Home,Real Madrid,CA Osasuna,7:1,LW,55',4:1,Penalty,Not Applicable
LaLiga ,12,11/6/11,Home,Real Madrid,CA Osasuna,7:1,LW,58',5:1,Header,Álvaro Arbeloa
LaLiga ,13,11/19/11,Away,Real Madrid,Valencia CF,2:3,LW,79',1:3,Right-footed shot,Pepe
LaLiga ,14,11/26/11,Home,Real Madrid,Atlético de Madrid,4:1,LW,24',1:1,Penalty,Not Applicable
LaLiga ,14,11/26/11,Home,Real Madrid,Atlético de Madrid,4:1,LW,82',4:1,Penalty,Not Applicable
LaLiga ,15,12/3/11,Away,Real Madrid,Sporting Gijón,0:3,LW,65',0:2,Right-footed shot,Ángel Di María
Copa del Rey ,4th round,12/13/11,Away,Real Madrid,SD Ponferradina,0:2,LW,74',0:2,Left-footed shot,Gonzalo Higuaín
LaLiga ,17,12/17/11,Away,Real Madrid,Sevilla FC,2:6,LW,10',0:1,Right-footed shot,Ángel Di María
LaLiga ,17,12/17/11,Away,Real Madrid,Sevilla FC,2:6,LW,41',0:3,Right-footed shot,Karim Benzema
LaLiga ,17,12/17/11,Away,Real Madrid,Sevilla FC,2:6,LW,86',1:5,Penalty,Not Applicable
LaLiga ,18,1/7/12,Home,Real Madrid,Granada CF,5:1,LW,89',5:1,Right-footed shot,Not Applicable
Copa del Rey ,Quarter-Finals,1/18/12,Home,Real Madrid,FC Barcelona,1:2,LW,11',1:0,Left-footed shot,Karim Benzema
LaLiga ,1,1/22/12,Home,Real Madrid,Athletic Bilbao,4:1,LW,46',2:1,Penalty,Not Applicable
LaLiga ,1,1/22/12,Home,Real Madrid,Athletic Bilbao,4:1,LW,67',3:1,Penalty,Not Applicable
Copa del Rey ,Quarter-Finals,1/25/12,Away,Real Madrid,FC Barcelona,2:2,LW,68',2:1,Right-footed shot,Mesut Özil
LaLiga ,21,1/28/12,Home,Real Madrid,Real Zaragoza,3:1,LW,48',2:1,Right-footed shot,Mesut Özil
LaLiga ,23,2/12/12,Home,Real Madrid,Levante UD,4:2,LW,45',1:1,Penalty,Not Applicable
LaLiga ,23,2/12/12,Home,Real Madrid,Levante UD,4:2,LW,50',2:1,Header,Gonzalo Higuaín
LaLiga ,23,2/12/12,Home,Real Madrid,Levante UD,4:2,LW,57',3:1,Right-footed shot,Fábio Coentrão
LaLiga ,24,2/18/12,Home,Real Madrid,Racing Santander,4:0,LW,6',1:0,Header,Kaká
Champions League ,last 16,2/21/12,Away,Real Madrid,CSKA Moscow,1:1,LW,28',0:1,Left-footed shot,Fábio Coentrão
LaLiga ,25,2/26/12,Away,Real Madrid,Rayo Vallecano,0:1,LW,53',0:1,Right-footed shot,Not Applicable
LaLiga ,26,3/4/12,Home,Real Madrid,RCD Espanyol Barcelona,5:0,LW,23',1:0,Left-footed shot,Gonzalo Higuaín
LaLiga ,27,3/10/12,Away,Real Madrid,Real Betis Balompié,2:3,LW,52',1:2,Left-footed shot,Marcelo
LaLiga ,27,3/10/12,Away,Real Madrid,Real Betis Balompié,2:3,LW,73',2:3,Left-footed shot,Not Applicable
Champions League ,last 16,3/14/12,Home,Real Madrid,CSKA Moscow,4:1,LW,55',2:0,Right-footed shot,Sergio Ramos
Champions League ,last 16,3/14/12,Home,Real Madrid,CSKA Moscow,4:1,LW,90'+4,4:1,Right-footed shot,Karim Benzema
LaLiga ,29,3/21/12,Away,Real Madrid,Villarreal CF,1:1,LW,61',0:1,Right-footed shot,Mesut Özil
LaLiga ,30,3/24/12,Home,Real Madrid,Real Sociedad,5:1,LW,32',2:0,Right-footed shot,Kaká
LaLiga ,30,3/24/12,Home,Real Madrid,Real Sociedad,5:1,LW,55',5:1,Right-footed shot,Gonzalo Higuaín
LaLiga ,31,3/31/12,Away,Real Madrid,CA Osasuna,1:5,LW,37',0:2,Long distance kick,Xabi Alonso
LaLiga ,31,3/31/12,Away,Real Madrid,CA Osasuna,1:5,LW,70',1:4,Direct free kick,Not Applicable
Champions League ,Quarter-Finals,4/4/12,Home,Real Madrid,APOEL Nicosia,5:2,LW,26',1:0,Right-footed shot,Marcelo
Champions League ,Quarter-Finals,4/4/12,Home,Real Madrid,APOEL Nicosia,5:2,LW,75',3:1,Direct free kick,Not Applicable
LaLiga ,33,4/11/12,Away,Real Madrid,Atlético de Madrid,1:4,LW,24',0:1,Direct free kick,Not Applicable
LaLiga ,33,4/11/12,Away,Real Madrid,Atlético de Madrid,1:4,LW,67',1:2,Long distance kick,Not Applicable
LaLiga ,33,4/11/12,Away,Real Madrid,Atlético de Madrid,1:4,LW,82',1:3,Penalty,Not Applicable
LaLiga ,34,4/14/12,Home,Real Madrid,Sporting Gijón,3:1,LW,74',2:1,Header,Ángel Di María
LaLiga ,35,4/21/12,Away,Real Madrid,FC Barcelona,1:2,LW,73',1:2,Right-footed shot,Mesut Özil
Champions League ,Semi-Finals,4/25/12,Home,Real Madrid,Bayern Munich,3:4,LW,6',1:0,Penalty,Not Applicable
Champions League ,Semi-Finals,4/25/12,Home,Real Madrid,Bayern Munich,3:4,LW,14',2:0,Right-footed shot,Mesut Özil
LaLiga ,36,4/29/12,Home,Real Madrid,Sevilla FC,3:0,LW,19',1:0,Right-footed shot,Karim Benzema
LaLiga ,20,5/2/12,Away,Real Madrid,Athletic Bilbao,0:3,LW,49',0:3,Header,Xabi Alonso
LaLiga ,37,5/5/12,Away,Real Madrid,Granada CF,1:2,LW,81',1:1,Penalty,Not Applicable
LaLiga ,38,5/13/12,Home,Real Madrid,RCD Mallorca,4:1,LW,18',1:0,Header,Marcelo
Supercopa ,final,8/23/12,Away,Real Madrid,FC Barcelona,3:2,LW,55',0:1,Header,Mesut Özil
Supercopa ,final,8/29/12,Home,Real Madrid,FC Barcelona,2:1,LW,19',2:0,Right-footed shot,Sami Khedira
LaLiga ,3,9/2/12,Home,Real Madrid,Granada CF,3:0,LW,25',1:0,Right-footed shot,José Callejón
LaLiga ,3,9/2/12,Home,Real Madrid,Granada CF,3:0,LW,53',2:0,Left-footed shot,Not Applicable
Champions League ,Group Stage,9/18/12,Home,Real Madrid,Manchester City,3:2,LW,90',3:2,Right-footed shot,Marcelo
LaLiga ,5,9/24/12,Away,Real Madrid,Rayo Vallecano,0:2,LW,69',0:2,Penalty,Not Applicable
LaLiga ,6,9/30/12,Home,Real Madrid,Deportivo de La Coruña,5:1,LW,22',1:1,Penalty,Not Applicable
LaLiga ,6,9/30/12,Home,Real Madrid,Deportivo de La Coruña,5:1,LW,43',3:1,Header,Not Applicable
LaLiga ,6,9/30/12,Home,Real Madrid,Deportivo de La Coruña,5:1,LW,83',5:1,Penalty,Not Applicable
Champions League ,Group Stage,10/3/12,Away,Real Madrid,Ajax Amsterdam,1:4,LW,42',0:1,Right-footed shot,Karim Benzema
Champions League ,Group Stage,10/3/12,Away,Real Madrid,Ajax Amsterdam,1:4,LW,79',1:3,Right-footed shot,Karim Benzema
Champions League ,Group Stage,10/3/12,Away,Real Madrid,Ajax Amsterdam,1:4,LW,81',1:4,Left-footed shot,Sami Khedira
LaLiga ,7,10/7/12,Away,Real Madrid,FC Barcelona,2:2,LW,22',0:1,Left-footed shot,Karim Benzema
LaLiga ,7,10/7/12,Away,Real Madrid,FC Barcelona,2:2,LW,66',2:2,Right-footed shot,Mesut Özil
LaLiga ,8,10/20/12,Home,Real Madrid,Celta de Vigo,2:0,LW,67',2:0,Penalty,Not Applicable
Champions League ,Group Stage,10/24/12,Away,Real Madrid,Borussia Dortmund,2:1,LW,38',1:1,Right-footed shot,Mesut Özil
LaLiga ,9,10/28/12,Away,Real Madrid,RCD Mallorca,0:5,LW,22',0:2,Right-footed shot,Gonzalo Higuaín
LaLiga ,9,10/28/12,Away,Real Madrid,RCD Mallorca,0:5,LW,73',0:4,Right-footed shot,Gonzalo Higuaín
LaLiga ,11,11/11/12,Away,Real Madrid,Levante UD,1:2,CF,20',0:1,Right-footed shot,Not Applicable
LaLiga ,14,12/1/12,Home,Real Madrid,Atlético de Madrid,2:0,LW,16',1:0,Direct free kick,Not Applicable
Champions League ,Group Stage,12/4/12,Home,Real Madrid,Ajax Amsterdam,4:1,LW,13',1:0,Right-footed shot,Karim Benzema
Copa del Rey ,last 16,12/12/12,Away,Real Madrid,Celta de Vigo,2:1,LW,87',2:1,Left-footed shot,Xabi Alonso
LaLiga ,16,12/16/12,Home,Real Madrid,RCD Espanyol Barcelona,2:2,CF,45',1:1,Right-footed shot,Sami Khedira
LaLiga ,18,1/6/13,Home,Real Madrid,Real Sociedad,4:3,LW,67',3:2,Left-footed shot,Karim Benzema
LaLiga ,18,1/6/13,Home,Real Madrid,Real Sociedad,4:3,LW,70',4:2,Direct free kick,Not Applicable
Copa del Rey ,last 16,1/9/13,Home,Real Madrid,Celta de Vigo,4:0,LW,2',1:0,Right-footed shot,Álvaro Arbeloa
Copa del Rey ,last 16,1/9/13,Home,Real Madrid,Celta de Vigo,4:0,LW,24',2:0,Left-footed shot,Luka Modric
Copa del Rey ,last 16,1/9/13,Home,Real Madrid,Celta de Vigo,4:0,LW,87',3:0,Left-footed shot,Gonzalo Higuaín
LaLiga ,20,1/20/13,Away,Real Madrid,Valencia CF,0:5,LW,35',0:3,Left-footed shot,Fábio Coentrão
LaLiga ,20,1/20/13,Away,Real Madrid,Valencia CF,0:5,LW,41',0:4,Right-footed shot,Mesut Özil
LaLiga ,21,1/27/13,Home,Real Madrid,Getafe CF,4:0,LW,62',2:0,Left-footed shot,Mesut Özil
LaLiga ,21,1/27/13,Home,Real Madrid,Getafe CF,4:0,LW,65',3:0,Header,Ángel Di María
LaLiga ,21,1/27/13,Home,Real Madrid,Getafe CF,4:0,LW,72',4:0,Penalty,Not Applicable
LaLiga ,23,2/9/13,Home,Real Madrid,Sevilla FC,4:1,LW,26',2:0,Left-footed shot,Kaká
LaLiga ,23,2/9/13,Home,Real Madrid,Sevilla FC,4:1,LW,46',3:0,Left-footed shot,Álvaro Arbeloa
LaLiga ,23,2/9/13,Home,Real Madrid,Sevilla FC,4:1,LW,59',4:0,Right-footed shot,Gonzalo Higuaín
Champions League ,last 16,2/13/13,Home,Real Madrid,Manchester United,1:1,LW,30',1:1,Header,Ángel Di María
Copa del Rey ,Semi-Finals,2/26/13,Away,Real Madrid,FC Barcelona,1:3,LW,12',0:1,Penalty,Not Applicable
Copa del Rey ,Semi-Finals,2/26/13,Away,Real Madrid,FC Barcelona,1:3,LW,57',0:2,Left-footed shot,Not Applicable
Champions League ,last 16,3/5/13,Away,Real Madrid,Manchester United,1:2,LW,69',1:2,Right-footed shot,Gonzalo Higuaín
LaLiga ,27,3/10/13,Away,Real Madrid,Celta de Vigo,1:2,LW,61',0:1,Left-footed shot,José Callejón
LaLiga ,27,3/10/13,Away,Real Madrid,Celta de Vigo,1:2,LW,71',1:2,Penalty,Not Applicable
LaLiga ,28,3/16/13,Home,Real Madrid,RCD Mallorca,5:2,LW,52',2:2,Header,Mesut Özil
LaLiga ,29,3/30/13,Away,Real Madrid,Real Zaragoza,1:1,LW,38',1:1,Long distance kick,Not Applicable
Champions League ,Quarter-Finals,4/3/13,Home,Real Madrid,Galatasaray,3:0,LW,9',1:0,Left-footed shot,Mesut Özil
LaLiga ,30,4/6/13,Home,Real Madrid,Levante UD,5:1,CF,84',3:1,Right-footed shot,Gonzalo Higuaín
Champions League ,Quarter-Finals,4/9/13,Away,Real Madrid,Galatasaray,3:2,LW,8',0:1,Right-footed shot,Sami Khedira
Champions League ,Quarter-Finals,4/9/13,Away,Real Madrid,Galatasaray,3:2,LW,90'+2,3:2,Right-footed shot,Karim Benzema
LaLiga ,31,4/14/13,Away,Real Madrid,Athletic Bilbao,0:3,LW,2',0:1,Direct free kick,Not Applicable
LaLiga ,31,4/14/13,Away,Real Madrid,Athletic Bilbao,0:3,LW,68',0:2,Header,Xabi Alonso
Champions League ,Semi-Finals,4/24/13,Away,Real Madrid,Borussia Dortmund,4:1,LW,43',1:1,Right-footed shot,Gonzalo Higuaín
LaLiga ,34,5/4/13,Home,Real Madrid,Real Valladolid CF,4:3,LW,32',2:1,Header,Ángel Di María
LaLiga ,34,5/4/13,Home,Real Madrid,Real Valladolid CF,4:3,LW,70',4:2,Header,Mesut Özil
LaLiga ,36,5/8/13,Home,Real Madrid,Málaga CF,6:2,LW,26',2:1,Right-footed shot,Xabi Alonso
Copa del Rey ,Final,5/17/13,Away,Real Madrid,Atlético de Madrid,2:1,LW,14',0:1,Header,Luka Modric
LaLiga ,3,9/1/13,Home,Real Madrid,Athletic Bilbao,3:1,LW,45',2:0,Header,Ángel Di María
LaLiga ,4,9/14/13,Away,Real Madrid,Villarreal CF,2:2,LW,64',1:2,Right-footed shot,Not Applicable
Champions League ,Group Stage,9/17/13,Away,Real Madrid,Galatasaray,1:6,LW,63',0:3,Left-footed shot,Isco
Champions League ,Group Stage,9/17/13,Away,Real Madrid,Galatasaray,1:6,LW,66',0:4,Tap-in,Sergio Ramos
Champions League ,Group Stage,9/17/13,Away,Real Madrid,Galatasaray,1:6,LW,90',1:6,Left-footed shot,Karim Benzema
LaLiga ,5,9/22/13,Home,Real Madrid,Getafe CF,4:1,LW,34',2:1,Penalty,Not Applicable
LaLiga ,5,9/22/13,Home,Real Madrid,Getafe CF,4:1,LW,90',4:1,Right-footed shot,Sami Khedira
LaLiga ,6,9/25/13,Away,Real Madrid,Elche CF,1:2,LW,51',0:1,Direct free kick,Not Applicable
LaLiga ,6,9/25/13,Away,Real Madrid,Elche CF,1:2,LW,90'+6,1:2,Penalty,Not Applicable
Champions League ,Group Stage,10/2/13,Home,Real Madrid,FC Copenhagen,4:0,LW,21',1:0,Header,Marcelo
Champions League ,Group Stage,10/2/13,Home,Real Madrid,FC Copenhagen,4:0,LW,65',2:0,Header,Ángel Di María
LaLiga ,8,10/5/13,Away,Real Madrid,Levante UD,2:3,LW,90'+4,2:3,Right-footed shot,Luka Modric
LaLiga ,9,10/19/13,Home,Real Madrid,Málaga CF,2:0,LW,90'+1,2:0,Penalty,Not Applicable
Champions League ,Group Stage,10/23/13,Home,Real Madrid,Juventus FC,2:1,LW,4',1:0,Right-footed shot,Ángel Di María
Champions League ,Group Stage,10/23/13,Home,Real Madrid,Juventus FC,2:1,LW,29',2:1,Penalty,Not Applicable
LaLiga ,11,10/30/13,Home,Real Madrid,Sevilla FC,7:3,LW,31',3:0,Penalty,Not Applicable
LaLiga ,11,10/30/13,Home,Real Madrid,Sevilla FC,7:3,LW,60',5:2,Right-footed shot,Gareth Bale
LaLiga ,11,10/30/13,Home,Real Madrid,Sevilla FC,7:3,LW,71',6:3,Right-footed shot,Karim Benzema
LaLiga ,12,11/2/13,Away,Real Madrid,Rayo Vallecano,2:3,LW,3',0:1,Right-footed shot,Luka Modric
LaLiga ,12,11/2/13,Away,Real Madrid,Rayo Vallecano,2:3,LW,48',0:3,Right-footed shot,Gareth Bale
Champions League ,Group Stage,11/5/13,Away,Real Madrid,Juventus FC,2:2,LW,52',1:1,Right-footed shot,Karim Benzema
LaLiga ,13,11/9/13,Home,Real Madrid,Real Sociedad,5:1,LW,12',1:0,Right-footed shot,Karim Benzema
LaLiga ,13,11/9/13,Home,Real Madrid,Real Sociedad,5:1,LW,27',3:0,Penalty,Not Applicable
LaLiga ,13,11/9/13,Home,Real Madrid,Real Sociedad,5:1,LW,76',5:1,Direct free kick,Not Applicable
LaLiga ,14,11/23/13,Away,Real Madrid,UD Almería,0:5,LW,3',0:1,Left-footed shot,Isco
Champions League ,Group Stage,12/10/13,Away,Real Madrid,FC Copenhagen,0:2,LW,48',0:2,Right-footed shot,Pepe
LaLiga ,17,12/22/13,Away,Real Madrid,Valencia CF,2:3,LW,40',1:2,Header,Ángel Di María
LaLiga ,18,1/6/14,Home,Real Madrid,Celta de Vigo,3:0,LW,82',2:0,Right-footed shot,Daniel Carvajal
LaLiga ,18,1/6/14,Home,Real Madrid,Celta de Vigo,3:0,LW,90',3:0,Right-footed shot,Gareth Bale
Copa del Rey ,last 16,1/15/14,Away,Real Madrid,CA Osasuna,0:2,LW,22',0:1,Direct free kick,Not Applicable
LaLiga ,20,1/18/14,Away,Real Madrid,Real Betis Balompié,0:5,LW,10',0:1,Right-footed shot,Ángel Di María
LaLiga ,21,1/25/14,Home,Real Madrid,Granada CF,2:0,LW,57',1:0,Right-footed shot,Luka Modric
Copa del Rey ,Semi-Finals,2/11/14,Away,Real Madrid,Atlético de Madrid,0:2,LW,6',0:1,Penalty,Not Applicable
Copa del Rey ,Semi-Finals,2/11/14,Away,Real Madrid,Atlético de Madrid,0:2,LW,15',0:2,Penalty,Not Applicable
Champions League ,last 16,2/26/14,Away,Real Madrid,FC Schalke 04,1:6,LW,52',0:3,Left-footed shot,Gareth Bale
Champions League ,last 16,2/26/14,Away,Real Madrid,FC Schalke 04,1:6,LW,89',0:6,Right-footed shot,Karim Benzema
LaLiga ,26,3/2/14,Away,Real Madrid,Atlético de Madrid,2:2,LW,82',2:2,Right-footed shot,Gareth Bale
LaLiga ,27,3/9/14,Home,Real Madrid,Levante UD,3:0,LW,11',1:0,Header,Ángel Di María
LaLiga ,28,3/15/14,Away,Real Madrid,Málaga CF,0:1,LW,23',0:1,Right-footed shot,Gareth Bale
Champions League ,last 16,3/18/14,Home,Real Madrid,FC Schalke 04,3:1,LW,22',1:0,Right-footed shot,Gareth Bale
Champions League ,last 16,3/18/14,Home,Real Madrid,FC Schalke 04,3:1,LW,74',2:1,Right-footed shot,Not Applicable
LaLiga ,29,3/23/14,Home,Real Madrid,FC Barcelona,3:4,LW,55',3:2,Penalty,Not Applicable
LaLiga ,30,3/26/14,Away,Real Madrid,Sevilla FC,2:1,LW,14',0:1,Direct free kick,Not Applicable
LaLiga ,31,3/29/14,Home,Real Madrid,Rayo Vallecano,5:0,LW,15',1:0,Right-footed shot,Gareth Bale
Champions League ,Quarter-Finals,4/2/14,Home,Real Madrid,Borussia Dortmund,3:0,LW,57',3:0,Left-footed shot,Luka Modric
LaLiga ,35,4/26/14,Home,Real Madrid,CA Osasuna,4:0,LW,6',1:0,Long distance kick,Ángel Di María
LaLiga ,35,4/26/14,Home,Real Madrid,CA Osasuna,4:0,LW,52',2:0,Long distance kick,Isco
Champions League ,Semi-Finals,4/29/14,Away,Real Madrid,Bayern Munich,0:4,CF,34',0:3,Counter attack goal,Gareth Bale
Champions League ,Semi-Finals,4/29/14,Away,Real Madrid,Bayern Munich,0:4,CF,90',0:4,Direct free kick,Not Applicable
LaLiga ,36,5/4/14,Home,Real Madrid,Valencia CF,2:2,LW,90',2:2,Right-footed shot,Ángel Di María
Champions League ,Final,5/24/14,Home,Real Madrid,Atlético de Madrid,4:1,LW,120',4:1,Penalty,Not Applicable
UEFA Super Cup ,Final,8/12/14,Home,Real Madrid,Sevilla FC,2:0,LW,30',1:0,Right-footed shot,Gareth Bale
UEFA Super Cup ,Final,8/12/14,Home,Real Madrid,Sevilla FC,2:0,LW,49',2:0,Left-footed shot,Karim Benzema
LaLiga ,1,8/25/14,Home,Real Madrid,Córdoba CF,2:0,LW,90',2:0,Right-footed shot,Isco
LaLiga ,3,9/13/14,Home,Real Madrid,Atlético de Madrid,1:2,LW,25',1:1,Penalty,Not Applicable
Champions League ,Group Stage,9/16/14,Home,Real Madrid,FC Basel 1893,5:1,LW,31',3:0,Right-footed shot,Gareth Bale
LaLiga ,4,9/20/14,Away,Real Madrid,Deportivo de La Coruña,2:8,RW,29',0:1,Header,Álvaro Arbeloa
LaLiga ,4,9/20/14,Away,Real Madrid,Deportivo de La Coruña,2:8,RW,41',0:3,Left-footed shot,Karim Benzema
LaLiga ,4,9/20/14,Away,Real Madrid,Deportivo de La Coruña,2:8,RW,78',1:6,Left-footed shot,James Rodríguez
LaLiga ,5,9/23/14,Home,Real Madrid,Elche CF,5:1,CF,28',2:1,Penalty,Not Applicable
LaLiga ,5,9/23/14,Home,Real Madrid,Elche CF,5:1,CF,32',3:1,Header,Marcelo
LaLiga ,5,9/23/14,Home,Real Madrid,Elche CF,5:1,CF,80',4:1,Penalty,Not Applicable
LaLiga ,5,9/23/14,Home,Real Madrid,Elche CF,5:1,CF,90',5:1,Right-footed shot,Gareth Bale
LaLiga ,6,9/27/14,Away,Real Madrid,Villarreal CF,0:2,CF,40',0:2,Right-footed shot,Karim Benzema
Champions League ,Group Stage,10/1/14,Away,Real Madrid,Ludogorets Razgrad,1:2,CF,25',1:1,Penalty,Not Applicable
LaLiga ,7,10/5/14,Home,Real Madrid,Athletic Bilbao,5:0,LW,3',1:0,Header,Gareth Bale
LaLiga ,7,10/5/14,Home,Real Madrid,Athletic Bilbao,5:0,LW,55',3:0,Right-footed shot,Gareth Bale
LaLiga ,7,10/5/14,Home,Real Madrid,Athletic Bilbao,5:0,LW,89',5:0,Deflected shot on goal,Pepe
LaLiga ,8,10/18/14,Away,Real Madrid,Levante UD,0:5,CF,13',0:1,Penalty,Not Applicable
LaLiga ,8,10/18/14,Away,Real Madrid,Levante UD,0:5,CF,61',0:3,Right-footed shot,Isco
Champions League ,Group Stage,10/22/14,Away,Real Madrid,Liverpool FC,0:3,CF,23',0:1,Right-footed shot,James Rodríguez
LaLiga ,9,10/25/14,Home,Real Madrid,FC Barcelona,3:1,CF,35',1:1,Penalty,Not Applicable
LaLiga ,10,11/1/14,Away,Real Madrid,Granada CF,0:4,CF,2',0:1,Right-footed shot,Karim Benzema
LaLiga ,11,11/8/14,Home,Real Madrid,Rayo Vallecano,5:1,CF,83',5:1,Right-footed shot,Isco
LaLiga ,12,11/22/14,Away,Real Madrid,SD Eibar,0:4,CF,43',0:2,Right-footed shot,Daniel Carvajal
LaLiga ,12,11/22/14,Away,Real Madrid,SD Eibar,0:4,CF,83',0:4,Penalty,Not Applicable
Champions League ,Group Stage,11/26/14,Away,Real Madrid,FC Basel 1893,0:1,LW,35',0:1,Left-footed shot,Karim Benzema
LaLiga ,14,12/6/14,Home,Real Madrid,Celta de Vigo,3:0,CF,36',1:0,Penalty,Not Applicable
LaLiga ,14,12/6/14,Home,Real Madrid,Celta de Vigo,3:0,CF,65',2:0,Right-footed shot,Not Applicable
LaLiga ,14,12/6/14,Home,Real Madrid,Celta de Vigo,3:0,CF,81',3:0,Left-footed shot,Marcelo
Champions League ,Group Stage,12/9/14,Home,Real Madrid,Ludogorets Razgrad,4:0,CF,20',1:0,Penalty,Not Applicable
LaLiga ,15,12/12/14,Away,Real Madrid,UD Almería,1:4,CF,81',1:3,Right-footed shot,Karim Benzema
LaLiga ,15,12/12/14,Away,Real Madrid,UD Almería,1:4,CF,89',1:4,Right-footed shot,Daniel Carvajal
LaLiga ,17,1/4/15,Away,Real Madrid,Valencia CF,2:1,LW,14',0:1,Penalty,Not Applicable
Copa del Rey ,last 16,1/15/15,Home,Real Madrid,Atlético de Madrid,2:2,CF,54',2:2,Header,Gareth Bale
LaLiga ,19,1/18/15,Away,Real Madrid,Getafe CF,0:3,LW,63',0:1,Left-footed shot,Karim Benzema
LaLiga ,19,1/18/15,Away,Real Madrid,Getafe CF,0:3,LW,79',0:3,Header,James Rodríguez
Champions League ,last 16,2/18/15,Away,Real Madrid,FC Schalke 04,0:2,LW,26',0:1,Header,Daniel Carvajal
LaLiga ,24,2/22/15,Away,Real Madrid,Elche CF,0:2,CF,69',0:2,Header,Isco
LaLiga ,25,3/1/15,Home,Real Madrid,Villarreal CF,1:1,CF,52',1:0,Penalty,Not Applicable
Champions League ,last 16,3/10/15,Home,Real Madrid,FC Schalke 04,3:4,CF,25',1:1,Header,Toni Kroos
Champions League ,last 16,3/10/15,Home,Real Madrid,FC Schalke 04,3:4,CF,45',2:2,Header,Fábio Coentrão
LaLiga ,28,3/22/15,Away,Real Madrid,FC Barcelona,2:1,LW,31',1:1,Right-footed shot,Karim Benzema
LaLiga ,29,4/5/15,Home,Real Madrid,Granada CF,9:1,CF,30',2:0,Right-footed shot,James Rodríguez
LaLiga ,29,4/5/15,Home,Real Madrid,Granada CF,9:1,CF,36',3:0,Right-footed shot,Not Applicable
LaLiga ,29,4/5/15,Home,Real Madrid,Granada CF,9:1,CF,38',4:0,Long distance kick,Gareth Bale
LaLiga ,29,4/5/15,Home,Real Madrid,Granada CF,9:1,CF,54',6:0,Header,Gareth Bale
LaLiga ,29,4/5/15,Home,Real Madrid,Granada CF,9:1,CF,90',9:1,Header,Luka Modric
LaLiga ,30,4/8/15,Away,Real Madrid,Rayo Vallecano,0:2,LW,68',0:1,Header,Daniel Carvajal
LaLiga ,31,4/11/15,Home,Real Madrid,SD Eibar,3:0,LW,21',1:0,Direct free kick,Not Applicable
LaLiga ,32,4/18/15,Home,Real Madrid,Málaga CF,3:1,CF,90'+2,3:1,Left-footed shot,Chicharito
LaLiga ,35,5/2/15,Away,Real Madrid,Sevilla FC,2:3,CF,36',0:1,Header,Isco
LaLiga ,35,5/2/15,Away,Real Madrid,Sevilla FC,2:3,CF,37',0:2,Right-footed shot,Chicharito
LaLiga ,35,5/2/15,Away,Real Madrid,Sevilla FC,2:3,CF,69',1:3,Header,Gareth Bale
Champions League ,Semi-Finals,5/5/15,Away,Real Madrid,Juventus FC,2:1,CF,27',1:1,Header,James Rodríguez
Champions League ,Semi-Finals,5/13/15,Home,Real Madrid,Juventus FC,1:1,LW,23',1:0,Penalty,Not Applicable
LaLiga ,37,5/17/15,Away,Real Madrid,RCD Espanyol Barcelona,1:4,LW,59',0:1,Left-footed shot,Karim Benzema
LaLiga ,37,5/17/15,Away,Real Madrid,RCD Espanyol Barcelona,1:4,LW,83',1:3,Right-footed shot,Chicharito
LaLiga ,37,5/17/15,Away,Real Madrid,RCD Espanyol Barcelona,1:4,LW,90'+1,1:4,Header,James Rodríguez
LaLiga ,38,5/23/15,Home,Real Madrid,Getafe CF,7:3,LW,13',1:0,Header,Marcelo
LaLiga ,38,5/23/15,Home,Real Madrid,Getafe CF,7:3,LW,32',2:2,Direct free kick,Not Applicable
LaLiga ,38,5/23/15,Home,Real Madrid,Getafe CF,7:3,LW,34',3:2,Penalty,Not Applicable
LaLiga ,3,9/12/15,Away,Real Madrid,RCD Espanyol Barcelona,0:6,LW,7',0:1,Right-footed shot,Luka Modric
LaLiga ,3,9/12/15,Away,Real Madrid,RCD Espanyol Barcelona,0:6,LW,17',0:2,Penalty,Not Applicable
LaLiga ,3,9/12/15,Away,Real Madrid,RCD Espanyol Barcelona,0:6,LW,20',0:3,Left-footed shot,Gareth Bale
LaLiga ,3,9/12/15,Away,Real Madrid,RCD Espanyol Barcelona,0:6,LW,62',0:5,Right-footed shot,Gareth Bale
LaLiga ,3,9/12/15,Away,Real Madrid,RCD Espanyol Barcelona,0:6,LW,81',0:6,Right-footed shot,Lucas Vázquez
Champions League ,Group Stage,9/15/15,Home,Real Madrid,Shakhtar Donetsk,4:0,LW,56',2:0,Penalty,Not Applicable
Champions League ,Group Stage,9/15/15,Home,Real Madrid,Shakhtar Donetsk,4:0,LW,64',3:0,Penalty,Not Applicable
Champions League ,Group Stage,9/15/15,Home,Real Madrid,Shakhtar Donetsk,4:0,LW,82',4:0,Header,Not Applicable
Champions League ,Group Stage,9/30/15,Away,Real Madrid,Malmö FF,0:2,LW,29',0:1,Right-footed shot,Isco
Champions League ,Group Stage,9/30/15,Away,Real Madrid,Malmö FF,0:2,LW,90',0:2,Left-footed shot,Lucas Vázquez
LaLiga ,8,10/17/15,Home,Real Madrid,Levante UD,3:0,CF,30',2:0,Right-footed shot,Toni Kroos
LaLiga ,9,10/24/15,Away,Real Madrid,Celta de Vigo,1:3,CF,8',0:1,Right-footed shot,Lucas Vázquez
LaLiga ,10,10/31/15,Home,Real Madrid,UD Las Palmas,3:1,CF,14',2:0,Header,Marcelo
Champions League ,Group Stage,11/25/15,Away,Real Madrid,Shakhtar Donetsk,3:4,CF,18',0:1,Header,Gareth Bale
Champions League ,Group Stage,11/25/15,Away,Real Madrid,Shakhtar Donetsk,3:4,CF,70',0:4,Right-footed shot,Gareth Bale
LaLiga ,13,11/29/15,Away,Real Madrid,SD Eibar,0:2,CF,82',0:2,Penalty,Not Applicable
LaLiga ,14,12/5/15,Home,Real Madrid,Getafe CF,4:1,LW,38',4:0,Right-footed shot,Toni Kroos
Champions League ,Group Stage,12/8/15,Home,Real Madrid,Malmö FF,8:0,LW,39',3:0,Direct free kick,Not Applicable
Champions League ,Group Stage,12/8/15,Home,Real Madrid,Malmö FF,8:0,LW,47',4:0,Tap-in,Not Applicable
Champions League ,Group Stage,12/8/15,Home,Real Madrid,Malmö FF,8:0,LW,50',5:0,Right-footed shot,Danilo
Champions League ,Group Stage,12/8/15,Home,Real Madrid,Malmö FF,8:0,LW,59',6:0,Right-footed shot,Isco
LaLiga ,16,12/20/15,Home,Real Madrid,Rayo Vallecano,10:2,LW,30',3:2,Penalty,Not Applicable
LaLiga ,16,12/20/15,Home,Real Madrid,Rayo Vallecano,10:2,LW,54',6:2,Header,James Rodríguez
LaLiga ,17,12/30/15,Home,Real Madrid,Real Sociedad,3:1,LW,42',1:0,Penalty,Not Applicable
LaLiga ,17,12/30/15,Home,Real Madrid,Real Sociedad,3:1,LW,68',2:1,Left-footed shot,Marcelo
LaLiga ,20,1/17/16,Home,Real Madrid,Sporting Gijón,5:1,LW,9',2:0,Left-footed shot,Karim Benzema
LaLiga ,20,1/17/16,Home,Real Madrid,Sporting Gijón,5:1,LW,18',4:0,Left-footed shot,Daniel Carvajal
LaLiga ,22,1/31/16,Home,Real Madrid,RCD Espanyol Barcelona,6:0,LW,12',2:0,Penalty,Not Applicable
LaLiga ,22,1/31/16,Home,Real Madrid,RCD Espanyol Barcelona,6:0,LW,45',4:0,Left-footed shot,Not Applicable
LaLiga ,22,1/31/16,Home,Real Madrid,RCD Espanyol Barcelona,6:0,LW,82',5:0,Header,Jesé
LaLiga ,24,2/13/16,Home,Real Madrid,Athletic Bilbao,4:2,LW,3',1:0,Right-footed shot,Karim Benzema
LaLiga ,24,2/13/16,Home,Real Madrid,Athletic Bilbao,4:2,LW,87',4:1,Right-footed shot,Lucas Vázquez
Champions League ,last 16,2/17/16,Away,Real Madrid,AS Roma,0:2,LW,57',0:1,Right-footed shot,Marcelo
LaLiga ,25,2/21/16,Away,Real Madrid,Málaga CF,1:1,LW,33',0:1,Header,Toni Kroos
LaLiga ,27,3/2/16,Away,Real Madrid,Levante UD,1:3,LW,34',0:1,Penalty,Not Applicable
LaLiga ,28,3/5/16,Home,Real Madrid,Celta de Vigo,7:1,LW,50',2:0,Long distance kick,Sergio Ramos
LaLiga ,28,3/5/16,Home,Real Madrid,Celta de Vigo,7:1,LW,58',3:0,Direct free kick,Not Applicable
LaLiga ,28,3/5/16,Home,Real Madrid,Celta de Vigo,7:1,LW,64',4:1,Right-footed shot,Isco
LaLiga ,28,3/5/16,Home,Real Madrid,Celta de Vigo,7:1,LW,76',5:1,Header,Jesé
Champions League ,last 16,3/8/16,Home,Real Madrid,AS Roma,2:0,CF,64',1:0,Right-footed shot,Lucas Vázquez
LaLiga ,30,3/20/16,Home,Real Madrid,Sevilla FC,4:0,LW,64',2:0,Left-footed shot,Danilo
LaLiga ,31,4/2/16,Away,Real Madrid,FC Barcelona,1:2,LW,85',1:2,Right-footed shot,Gareth Bale
LaLiga ,32,4/9/16,Home,Real Madrid,SD Eibar,4:0,CF,19',3:0,Right-footed shot,Jesé
Champions League ,Quarter-Finals,4/12/16,Home,Real Madrid,VfL Wolfsburg,3:0,LW,16',1:0,Right-footed shot,Daniel Carvajal
Champions League ,Quarter-Finals,4/12/16,Home,Real Madrid,VfL Wolfsburg,3:0,LW,17',2:0,Header,Toni Kroos
Champions League ,Quarter-Finals,4/12/16,Home,Real Madrid,VfL Wolfsburg,3:0,LW,77',3:0,Direct free kick,Not Applicable
LaLiga ,33,4/16/16,Away,Real Madrid,Getafe CF,1:5,LW,90'+2,1:5,Left-footed shot,Jesé
LaLiga ,37,5/8/16,Home,Real Madrid,Valencia CF,3:2,LW,26',1:0,Right-footed shot,Marcelo
LaLiga ,37,5/8/16,Home,Real Madrid,Valencia CF,3:2,LW,59',3:1,Left-footed shot,James Rodríguez
LaLiga ,38,5/14/16,Away,Real Madrid,Deportivo de La Coruña,0:2,LW,8',0:1,Left-footed shot,Karim Benzema
LaLiga ,38,5/14/16,Away,Real Madrid,Deportivo de La Coruña,0:2,LW,25',0:2,Header,Toni Kroos
LaLiga ,3,9/10/16,Home,Real Madrid,CA Osasuna,5:2,LW,6',1:0,Right-footed shot,Gareth Bale
Champions League ,Group Stage,9/14/16,Home,Real Madrid,Sporting CP,2:1,LW,89',1:1,Direct free kick,Not Applicable
Champions League ,Group Stage,9/27/16,Away,Real Madrid,Borussia Dortmund,2:2,LW,17',0:1,Right-footed shot,Gareth Bale
LaLiga ,8,10/15/16,Away,Real Madrid,Real Betis Balompié,1:6,LW,78',1:6,Right-footed shot,Álvaro Morata
LaLiga ,10,10/29/16,Away,Real Madrid,Deportivo Alavés,1:4,LW,17',1:1,Penalty,Not Applicable
LaLiga ,10,10/29/16,Away,Real Madrid,Deportivo Alavés,1:4,LW,33',1:2,Right-footed shot,Karim Benzema
LaLiga ,10,10/29/16,Away,Real Madrid,Deportivo Alavés,1:4,LW,88',1:4,Right-footed shot,Marcelo
LaLiga ,12,11/19/16,Away,Real Madrid,Atlético de Madrid,0:3,CF,23',0:1,Direct free kick,Not Applicable
LaLiga ,12,11/19/16,Away,Real Madrid,Atlético de Madrid,0:3,CF,71',0:2,Penalty,Not Applicable
LaLiga ,12,11/19/16,Away,Real Madrid,Atlético de Madrid,0:3,CF,77',0:3,Right-footed shot,Gareth Bale
LaLiga ,13,11/26/16,Home,Real Madrid,Sporting Gijón,2:1,LW,5',1:0,Penalty,Not Applicable
LaLiga ,13,11/26/16,Home,Real Madrid,Sporting Gijón,2:1,LW,18',2:0,Header,Nacho Fernández
Club World Cup ,Semi-Finals,12/15/16,Away,Real Madrid,CF América,0:2,LW,90'+3,0:2,Right-footed shot,James Rodríguez
Club World Cup ,Final,12/18/16,Home,Real Madrid,Kashima Antlers,4:2,LW,60',2:2,Penalty,Not Applicable
Club World Cup ,Final,12/18/16,Home,Real Madrid,Kashima Antlers,4:2,LW,97',3:2,Left-footed shot,Karim Benzema
Club World Cup ,Final,12/18/16,Home,Real Madrid,Kashima Antlers,4:2,LW,104',4:2,Left-footed shot,Toni Kroos
LaLiga ,17,1/7/17,Home,Real Madrid,Granada CF,5:0,LW,27',3:0,Header,Marcelo
LaLiga ,18,1/15/17,Away,Real Madrid,Sevilla FC,2:1,CF,67',0:1,Penalty,Not Applicable
Copa del Rey ,Quarter-Finals,1/25/17,Away,Real Madrid,Celta de Vigo,2:2,CF,62',1:1,Direct free kick,Not Applicable
LaLiga ,20,1/29/17,Home,Real Madrid,Real Sociedad,3:0,LW,51',2:0,Right-footed shot,Mateo Kovacic
LaLiga ,22,2/11/17,Away,Real Madrid,CA Osasuna,1:3,CF,24',0:1,Right-footed shot,Karim Benzema
LaLiga ,16,2/22/17,Away,Real Madrid,Valencia CF,2:1,LW,44',2:1,Header,Marcelo
LaLiga ,24,2/26/17,Away,Real Madrid,Villarreal CF,2:3,LW,74',2:2,Penalty,Not Applicable
LaLiga ,25,3/1/17,Home,Real Madrid,UD Las Palmas,3:3,LW,86',2:3,Penalty,Not Applicable
LaLiga ,25,3/1/17,Home,Real Madrid,UD Las Palmas,3:3,LW,89',3:3,Header,James Rodríguez
LaLiga ,27,3/12/17,Home,Real Madrid,Real Betis Balompié,2:1,LW,41',1:1,Header,Marcelo
Champions League ,Quarter-Finals,4/12/17,Away,Real Madrid,Bayern Munich,1:2,LW,47',1:1,Right-footed shot,Daniel Carvajal
Champions League ,Quarter-Finals,4/12/17,Away,Real Madrid,Bayern Munich,1:2,LW,77',1:2,Right-footed shot,Marco Asensio
Champions League ,Quarter-Finals,4/18/17,Home,Real Madrid,Bayern Munich,4:2,CF,76',1:1,Header,Casemiro
Champions League ,Quarter-Finals,4/18/17,Home,Real Madrid,Bayern Munich,4:2,CF,105',2:2,Left-footed shot,Sergio Ramos
Champions League ,Quarter-Finals,4/18/17,Home,Real Madrid,Bayern Munich,4:2,CF,109',3:2,Right-footed shot,Marcelo
LaLiga ,35,4/29/17,Home,Real Madrid,Valencia CF,2:1,LW,27',1:0,Header,Daniel Carvajal
Champions League ,Semi-Finals,5/2/17,Home,Real Madrid,Atlético de Madrid,3:0,CF,10',1:0,Header,Casemiro
Champions League ,Semi-Finals,5/2/17,Home,Real Madrid,Atlético de Madrid,3:0,CF,73',2:0,Right-footed shot,Karim Benzema
Champions League ,Semi-Finals,5/2/17,Home,Real Madrid,Atlético de Madrid,3:0,CF,86',3:0,Right-footed shot,Lucas Vázquez
LaLiga ,37,5/14/17,Home,Real Madrid,Sevilla FC,4:1,LW,23',2:0,Right-footed shot,Not Applicable
LaLiga ,37,5/14/17,Home,Real Madrid,Sevilla FC,4:1,LW,78',3:1,Left-footed shot,Toni Kroos
LaLiga ,21,5/17/17,Away,Real Madrid,Celta de Vigo,1:4,CF,10',0:1,Left-footed shot,Not Applicable
LaLiga ,21,5/17/17,Away,Real Madrid,Celta de Vigo,1:4,CF,48',0:2,Left-footed shot,Isco
LaLiga ,38,5/21/17,Away,Real Madrid,Málaga CF,0:2,CF,2',0:1,Right-footed shot,Isco
Champions League ,Final,6/3/17,Away,Real Madrid,Juventus FC,1:4,CF,20',0:1,Right-footed shot,Daniel Carvajal
Champions League ,Final,6/3/17,Away,Real Madrid,Juventus FC,1:4,CF,64',1:3,Right-footed shot,Luka Modric
Supercopa ,final,8/13/17,Away,Real Madrid,FC Barcelona,1:3,CF,80',1:2,Right-footed shot,Isco
Champions League ,Group Stage,9/13/17,Home,Real Madrid,APOEL Nicosia,3:0,CF,12',1:0,Counter attack goal,Gareth Bale
Champions League ,Group Stage,9/13/17,Home,Real Madrid,APOEL Nicosia,3:0,CF,51',2:0,Penalty,Not Applicable
Champions League ,Group Stage,9/26/17,Away,Real Madrid,Borussia Dortmund,1:3,CF,49',0:2,Left-footed shot,Gareth Bale
Champions League ,Group Stage,9/26/17,Away,Real Madrid,Borussia Dortmund,1:3,CF,79',1:3,Right-footed shot,Luka Modric
LaLiga ,8,10/14/17,Away,Real Madrid,Getafe CF,1:2,CF,85',1:2,Right-footed shot,Isco
Champions League ,Group Stage,10/17/17,Home,Real Madrid,Tottenham Hotspur,1:1,LW,43',1:1,Penalty,Not Applicable
Champions League ,Group Stage,11/1/17,Away,Real Madrid,Tottenham Hotspur,3:1,LW,80',3:1,Right-footed shot,Borja Mayoral
Champions League ,Group Stage,11/21/17,Away,Real Madrid,APOEL Nicosia,0:6,LW,49',0:5,Header,Marcelo
Champions League ,Group Stage,11/21/17,Away,Real Madrid,APOEL Nicosia,0:6,LW,54',0:6,Left-footed shot,Not Applicable
LaLiga ,13,11/25/17,Home,Real Madrid,Málaga CF,3:2,CF,76',3:2,Penalty rebound,Not Applicable
Champions League ,Group Stage,12/6/17,Home,Real Madrid,Borussia Dortmund,3:2,LW,12',2:0,Right-footed shot,Mateo Kovacic
LaLiga ,15,12/9/17,Home,Real Madrid,Sevilla FC,5:0,CF,23',2:0,Right-footed shot,Marco Asensio
LaLiga ,15,12/9/17,Home,Real Madrid,Sevilla FC,5:0,CF,31',3:0,Penalty,Not Applicable
Club World Cup ,Semi-Finals,12/13/17,Away,Real Madrid,Al-Jazira (Abu Dhabi),1:2,LW,53',1:1,Right-footed shot,Luka Modric
Club World Cup ,Final,12/16/17,Home,Real Madrid,Grêmio Foot-Ball Porto Alegrense,1:0,LW,53',1:0,Direct free kick,Not Applicable
LaLiga ,20,1/21/18,Home,Real Madrid,Deportivo de La Coruña,7:1,LW,78',5:1,Left-footed shot,Casemiro
LaLiga ,20,1/21/18,Home,Real Madrid,Deportivo de La Coruña,7:1,LW,84',6:1,Header,Lucas Vázquez
LaLiga ,21,1/27/18,Away,Real Madrid,Valencia CF,1:4,LW,16',0:1,Penalty,Not Applicable
LaLiga ,21,1/27/18,Away,Real Madrid,Valencia CF,1:4,LW,38',0:2,Penalty,Not Applicable
LaLiga ,23,2/10/18,Home,Real Madrid,Real Sociedad,5:2,CF,27',2:0,Right-footed shot,Marcelo
LaLiga ,23,2/10/18,Home,Real Madrid,Real Sociedad,5:2,CF,37',4:0,Header,Luka Modric
LaLiga ,23,2/10/18,Home,Real Madrid,Real Sociedad,5:2,CF,80',5:1,Tap-in,Not Applicable
Champions League ,last 16,2/14/18,Home,Real Madrid,Paris Saint-Germain,3:1,LW,45',1:1,Penalty,Not Applicable
Champions League ,last 16,2/14/18,Home,Real Madrid,Paris Saint-Germain,3:1,LW,83',2:1,Tap-in,Not Applicable
LaLiga ,24,2/18/18,Away,Real Madrid,Real Betis Balompié,3:5,CF,65',2:4,Right-footed shot,Casemiro
LaLiga ,25,2/24/18,Home,Real Madrid,Deportivo Alavés,4:0,CF,44',1:0,Left-footed shot,Karim Benzema
LaLiga ,25,2/24/18,Home,Real Madrid,Deportivo Alavés,4:0,CF,61',3:0,Right-footed shot,Lucas Vázquez
LaLiga ,27,3/3/18,Home,Real Madrid,Getafe CF,3:1,CF,45'+1,2:0,Left-footed shot,Karim Benzema
LaLiga ,27,3/3/18,Home,Real Madrid,Getafe CF,3:1,CF,78',3:1,Header,Marcelo
Champions League ,last 16,3/6/18,Away,Real Madrid,Paris Saint-Germain,1:2,CF,51',0:1,Header,Lucas Vázquez
LaLiga ,28,3/10/18,Away,Real Madrid,SD Eibar,1:2,CF,33',0:1,Right-footed shot,Luka Modric
LaLiga ,28,3/10/18,Away,Real Madrid,SD Eibar,1:2,CF,84',1:2,Header,Daniel Carvajal
LaLiga ,29,3/18/18,Home,Real Madrid,Girona FC,6:3,CF,11',1:0,Left-footed shot,Toni Kroos
LaLiga ,29,3/18/18,Home,Real Madrid,Girona FC,6:3,CF,47',2:1,Left-footed shot,Karim Benzema
LaLiga ,29,3/18/18,Home,Real Madrid,Girona FC,6:3,CF,64',4:1,Tap-in,Not Applicable
LaLiga ,29,3/18/18,Home,Real Madrid,Girona FC,6:3,CF,90'+1,6:3,Right-footed shot,Toni Kroos
Champions League ,Quarter-Finals,4/3/18,Away,Real Madrid,Juventus FC,0:3,CF,3',0:1,Right-footed shot,Isco
Champions League ,Quarter-Finals,4/3/18,Away,Real Madrid,Juventus FC,0:3,CF,64',0:2,Right-footed shot,Daniel Carvajal
LaLiga ,31,4/8/18,Home,Real Madrid,Atlético de Madrid,1:1,CF,53',1:0,Right-footed shot,Gareth Bale
Champions League ,Quarter-Finals,4/11/18,Home,Real Madrid,Juventus FC,1:3,CF,90'+7,1:3,Penalty,Not Applicable
LaLiga ,33,4/18/18,Home,Real Madrid,Athletic Bilbao,1:1,CF,87',1:1,Right-footed shot,Luka Modric
LaLiga ,36,5/6/18,Away,Real Madrid,FC Barcelona,2:2,LW,14',1:1,Right-footed shot,Karim Benzema
LaLiga ,38,5/19/18,Away,Real Madrid,Villarreal CF,2:2,CF,32',0:2,Header,Marcelo
Serie A ,4,9/16/18,Home,Juventus FC,US Sassuolo,2:1,CF,50',1:0,Tap-in,Not Applicable
Serie A ,4,9/16/18,Home,Juventus FC,US Sassuolo,2:1,CF,65',2:0,Left-footed shot,Emre Can
Serie A ,5,9/23/18,Away,Juventus FC,Frosinone Calcio,0:2,LW,81',0:1,Left-footed shot,Not Applicable
Serie A ,8,10/6/18,Away,Juventus FC,Udinese Calcio,0:2,LW,37',0:2,Left-footed shot,Mario Mandzukic
Serie A ,9,10/20/18,Home,Juventus FC,Genoa CFC,1:1,LW,18',1:0,Tap-in,Not Applicable
Serie A ,10,10/27/18,Away,Juventus FC,Empoli FC ,1:2,CF,54',1:1,Penalty,Not Applicable
Serie A ,10,10/27/18,Away,Juventus FC,Empoli FC ,1:2,CF,70',1:2,Right-footed shot,Blaise Matuidi
Champions League ,Group Stage,11/7/18,Home,Juventus FC,Manchester United,1:2,LW,65',1:0,Right-footed shot,Leonardo Bonucci
Serie A ,12,11/11/18,Away,Juventus FC,AC Milan,0:2,LW,81',0:2,Tap-in,Not Applicable
Serie A ,13,11/24/18,Home,Juventus FC,SPAL,2:0,CF,29',1:0,Left-footed shot,Miralem Pjanic
Serie A ,14,12/1/18,Away,Juventus FC,ACF Fiorentina,0:3,LW,79',0:3,Penalty,Not Applicable
Serie A ,16,12/15/18,Away,Juventus FC,Torino FC,0:1,LW,70',0:1,Penalty,Not Applicable
Serie A ,18,12/26/18,Away,Juventus FC,Atalanta BC,2:2,CF,78',2:2,Header,Giorgio Chiellini
Serie A ,19,12/29/18,Home,Juventus FC,UC Sampdoria,2:1,LW,2',1:0,Right-footed shot,Paulo Dybala
Serie A ,19,12/29/18,Home,Juventus FC,UC Sampdoria,2:1,LW,65',2:1,Penalty,Not Applicable
Supercoppa Italiana ,Final,1/16/19,Home,Juventus FC,AC Milan,1:0,LW,61',1:0,Header,Miralem Pjanic
Serie A ,21,1/27/19,Away,Juventus FC,SS Lazio,1:2,LW,88',1:2,Penalty,Not Applicable
Serie A ,22,2/2/19,Home,Juventus FC,Parma Calcio 1913,3:3,LW,36',1:0,Right-footed shot,Blaise Matuidi
Serie A ,22,2/2/19,Home,Juventus FC,Parma Calcio 1913,3:3,LW,66',3:1,Header,Mario Mandzukic
Serie A ,23,2/10/19,Away,Juventus FC,US Sassuolo,0:3,LW,70',0:2,Header,Miralem Pjanic
Serie A ,24,2/15/19,Home,Juventus FC,Frosinone Calcio,3:0,LW,63',3:0,Right-footed shot,Mario Mandzukic
Champions League ,last 16,3/12/19,Home,Juventus FC,Atlético de Madrid,3:0,CF,27',1:0,Header,Federico Bernardeschi
Champions League ,last 16,3/12/19,Home,Juventus FC,Atlético de Madrid,3:0,CF,49',2:0,Header,João Cancelo
Champions League ,last 16,3/12/19,Home,Juventus FC,Atlético de Madrid,3:0,CF,86',3:0,Penalty,Not Applicable
Champions League ,Quarter-Finals,4/10/19,Away,Juventus FC,Ajax Amsterdam,1:1,LW,45',0:1,Header,João Cancelo
Champions League ,Quarter-Finals,4/16/19,Home,Juventus FC,Ajax Amsterdam,1:2,LW,28',1:0,Header,Miralem Pjanic
Serie A ,34,4/27/19,Away,Juventus FC,Inter Milan,1:1,CF,62',1:1,Left-footed shot,Miralem Pjanic
Serie A ,35,5/3/19,Home,Juventus FC,Torino FC,1:1,CF,84',1:1,Header,Leonardo Spinazzola
Serie A ,2,8/31/19,Home,Juventus FC,SSC Napoli,4:3,LW,62',3:0,Left-footed shot,Douglas Costa
Serie A ,4,9/21/19,Home,Juventus FC,Hellas Verona,2:1,LW,49',2:1,Penalty,Not Applicable
Serie A ,6,9/28/19,Home,Juventus FC,SPAL,2:0,CF,78',2:0,Header,Paulo Dybala
Champions League ,Group Stage,10/1/19,Home,Juventus FC,Bayer 04 Leverkusen,3:0,CF,89',3:0,Right-footed shot,Paulo Dybala
Serie A ,8,10/19/19,Home,Juventus FC,Bologna FC 1909,2:1,CF,19',1:0,Right-footed shot,Not Applicable
Serie A ,10,10/30/19,Home,Juventus FC,Genoa CFC,2:1,CF,90'+6,2:1,Penalty,Not Applicable
Serie A ,14,12/1/19,Home,Juventus FC,US Sassuolo,2:2,CF,68',2:2,Penalty,Not Applicable
Serie A ,15,12/7/19,Away,Juventus FC,SS Lazio,3:1,CF,25',0:1,Tap-in,Rodrigo Bentancur
Champions League ,Group Stage,12/11/19,Away,Juventus FC,Bayer 04 Leverkusen,0:2,CF,75',0:1,Right-footed shot,Paulo Dybala
Serie A ,16,12/15/19,Home,Juventus FC,Udinese Calcio,3:1,CF,9',1:0,Right-footed shot,Not Applicable
Serie A ,16,12/15/19,Home,Juventus FC,Udinese Calcio,3:1,CF,37',2:0,Left-footed shot,Gonzalo Higuaín
Serie A ,17,12/18/19,Away,Juventus FC,UC Sampdoria,1:2,LW,45',1:2,Header,Alex Sandro
Serie A ,18,1/6/20,Home,Juventus FC,Cagliari Calcio,4:0,CF,49',1:0,Right-footed shot,Not Applicable
Serie A ,18,1/6/20,Home,Juventus FC,Cagliari Calcio,4:0,CF,67',2:0,Penalty,Not Applicable
Serie A ,18,1/6/20,Home,Juventus FC,Cagliari Calcio,4:0,CF,82',4:0,Left-footed shot,Douglas Costa
Serie A ,19,1/12/20,Away,Juventus FC,AS Roma,1:2,CF,10',0:2,Penalty,Not Applicable
Serie A ,20,1/19/20,Home,Juventus FC,Parma Calcio 1913,2:1,CF,43',1:0,Deflected shot on goal,Blaise Matuidi
Serie A ,20,1/19/20,Home,Juventus FC,Parma Calcio 1913,2:1,CF,58',2:1,Right-footed shot,Paulo Dybala
Italy Cup ,Quarter-Finals,1/22/20,Home,Juventus FC,AS Roma,3:1,LW,26',1:0,Left-footed shot,Gonzalo Higuaín
Serie A ,21,1/26/20,Away,Juventus FC,SSC Napoli,2:1,LW,90',2:1,Right-footed shot,Rodrigo Bentancur
Serie A ,22,2/2/20,Home,Juventus FC,ACF Fiorentina,3:0,LW,40',1:0,Penalty,Not Applicable
Serie A ,22,2/2/20,Home,Juventus FC,ACF Fiorentina,3:0,LW,80',2:0,Penalty,Not Applicable
Serie A ,23,2/8/20,Away,Juventus FC,Hellas Verona,2:1,LW,65',0:1,Right-footed shot,Rodrigo Bentancur
Italy Cup ,Semi-Finals,2/13/20,Away,Juventus FC,AC Milan,1:1,LW,90'+1,1:1,Penalty,Not Applicable
Serie A ,25,2/22/20,Away,Juventus FC,SPAL,1:2,LW,39',0:1,Tap-in,Juan Cuadrado
Serie A ,27,6/22/20,Away,Juventus FC,Bologna FC 1909,0:2,LW,23',0:1,Penalty,Not Applicable
Serie A ,28,6/26/20,Home,Juventus FC,US Lecce,4:0,LW,62',2:0,Penalty,Not Applicable
Serie A ,29,6/30/20,Away,Juventus FC,Genoa CFC,1:3,LW,56',0:2,Long distance kick,Miralem Pjanic
Serie A ,30,7/4/20,Home,Juventus FC,Torino FC,4:1,LW,61',3:1,Direct free kick,Not Applicable
Serie A ,31,7/7/20,Away,Juventus FC,AC Milan,4:2,LW,53',0:2,Left-footed shot,Juan Cuadrado
Serie A ,32,7/11/20,Home,Juventus FC,Atalanta BC,2:2,LW,55',1:1,Penalty,Not Applicable
Serie A ,32,7/11/20,Home,Juventus FC,Atalanta BC,2:2,LW,90',2:2,Penalty,Not Applicable
Serie A ,34,7/20/20,Home,Juventus FC,SS Lazio,2:1,LW,51',1:0,Penalty,Not Applicable
Serie A ,34,7/20/20,Home,Juventus FC,SS Lazio,2:1,LW,54',2:0,Counter attack goal,Paulo Dybala
Serie A ,36,7/26/20,Home,Juventus FC,UC Sampdoria,2:0,LW,45'+7,1:0,Right-footed shot,Miralem Pjanic
Champions League ,last 16,8/7/20,Home,Juventus FC,Olympique Lyon,2:1,LW,43',1:1,Penalty,Not Applicable
Champions League ,last 16,8/7/20,Home,Juventus FC,Olympique Lyon,2:1,LW,60',2:1,Left-footed shot,Federico Bernardeschi
Serie A ,1,9/20/20,Home,Juventus FC,UC Sampdoria,3:0,CF,88',3:0,Right-footed shot,Aaron Ramsey
Serie A ,2,9/27/20,Away,Juventus FC,AS Roma,2:2,CF,44',1:1,Penalty,Not Applicable
Serie A ,2,9/27/20,Away,Juventus FC,AS Roma,2:2,CF,69',2:2,Header,Danilo
Serie A ,6,11/1/20,Away,Juventus FC,Spezia Calcio,1:4,CF,59',1:2,Right-footed shot,Álvaro Morata
Serie A ,6,11/1/20,Away,Juventus FC,Spezia Calcio,1:4,CF,76',1:4,Penalty,Not Applicable
Serie A ,7,11/8/20,Away,Juventus FC,SS Lazio,1:1,LW,15',0:1,Right-footed shot,Juan Cuadrado
Serie A ,8,11/21/20,Home,Juventus FC,Cagliari Calcio,2:0,CF,38',1:0,Right-footed shot,Álvaro Morata
Serie A ,8,11/21/20,Home,Juventus FC,Cagliari Calcio,2:0,CF,42',2:0,Right-footed shot,Merih Demiral
Champions League ,Group Stage,11/24/20,Home,Juventus FC,Ferencvárosi TC,2:1,CF,35',1:1,Left-footed shot,Juan Cuadrado
Champions League ,Group Stage,12/2/20,Home,Juventus FC,Dynamo Kyiv,3:0,CF,57',2:0,Right-footed shot,Álvaro Morata
Champions League ,Group Stage,12/8/20,Away,Juventus FC,FC Barcelona,0:3,CF,13',0:1,Penalty,Not Applicable
Champions League ,Group Stage,12/8/20,Away,Juventus FC,FC Barcelona,0:3,CF,52',0:3,Penalty,Not Applicable
Serie A ,11,12/13/20,Away,Juventus FC,Genoa CFC,1:3,CF,78',1:2,Penalty,Not Applicable
Serie A ,11,12/13/20,Away,Juventus FC,Genoa CFC,1:3,CF,89',1:3,Penalty,Not Applicable
Serie A ,13,12/19/20,Away,Juventus FC,Parma Calcio 1913,0:4,CF,26',0:2,Header,Álvaro Morata
Serie A ,13,12/19/20,Away,Juventus FC,Parma Calcio 1913,0:4,CF,48',0:3,Left-footed shot,Aaron Ramsey
Serie A ,15,1/3/21,Home,Juventus FC,Udinese Calcio,4:1,CF,31',1:0,Right-footed shot,Aaron Ramsey
Serie A ,15,1/3/21,Home,Juventus FC,Udinese Calcio,4:1,CF,70',3:0,Left-footed shot,Rodrigo Bentancur
Serie A ,17,1/10/21,Home,Juventus FC,US Sassuolo,3:1,CF,90'+2,3:1,Right-footed shot,Danilo
Supercoppa Italiana ,Final,1/20/21,Home,Juventus FC,SSC Napoli,2:0,CF,64',1:0,Tap-in,Not Applicable
Italy Cup ,Semi-Finals,2/2/21,Away,Juventus FC,Inter Milan,1:2,CF,26',1:1,Penalty,Not Applicable
Italy Cup ,Semi-Finals,2/2/21,Away,Juventus FC,Inter Milan,1:2,CF,35',1:2,Left-footed shot,Not Applicable
Serie A ,21,2/6/21,Home,Juventus FC,AS Roma,2:0,CF,13',1:0,Left-footed shot,Álvaro Morata
Serie A ,23,2/22/21,Home,Juventus FC,FC Crotone,3:0,CF,38',1:0,Header,Alex Sandro
Serie A ,23,2/22/21,Home,Juventus FC,FC Crotone,3:0,CF,45'+1,2:0,Header,Aaron Ramsey
Serie A ,24,2/27/21,Away,Juventus FC,Hellas Verona,1:1,CF,49',0:1,Right-footed shot,Federico Chiesa
Serie A ,25,3/2/21,Home,Juventus FC,Spezia Calcio,3:0,CF,89',3:0,Counter attack goal,Rodrigo Bentancur
Serie A ,27,3/14/21,Away,Juventus FC,Cagliari Calcio,1:3,CF,10',0:1,Header,Juan Cuadrado
Serie A ,27,3/14/21,Away,Juventus FC,Cagliari Calcio,1:3,CF,25',0:2,Penalty,Not Applicable
Serie A ,27,3/14/21,Away,Juventus FC,Cagliari Calcio,1:3,CF,32',0:3,Left-footed shot,Federico Chiesa
Serie A ,29,4/3/21,Away,Juventus FC,Torino FC,2:2,CF,79',2:2,Header,Giorgio Chiellini
Serie A ,3,4/7/21,Home,Juventus FC,SSC Napoli,2:1,CF,13',1:0,Right-footed shot,Federico Chiesa
Serie A ,34,5/2/21,Away,Juventus FC,Udinese Calcio,1:2,CF,83',1:1,Penalty,Not Applicable
Serie A ,34,5/2/21,Away,Juventus FC,Udinese Calcio,1:2,CF,89',1:2,Header,Adrien Rabiot
Serie A ,36,5/12/21,Away,Juventus FC,US Sassuolo,1:3,CF,45',0:2,Left-footed shot,Not Applicable
Serie A ,37,5/15/21,Home,Juventus FC,Inter Milan,3:2,CF,24',1:0,Penalty rebound,Not Applicable
Premier League ,4,9/11/21,Home,Manchester United,Newcastle United,4:1,CF,45'+2,1:0,Tap-in,Not Applicable
Premier League ,4,9/11/21,Home,Manchester United,Newcastle United,4:1,CF,62',2:1,Left-footed shot,Luke Shaw
Champions League ,Group Stage,9/14/21,Away,Manchester United,BSC Young Boys,2:1,CF,13',0:1,Right-footed shot,Bruno Fernandes
Premier League ,5,9/19/21,Away,Manchester United,West Ham United,1:2,CF,35',1:1,Right-footed shot,Not Applicable
Champions League ,Group Stage,9/29/21,Home,Manchester United,Villarreal CF,2:1,CF,90'+5,2:1,Right-footed shot,Jesse Lingard
Champions League ,Group Stage,10/20/21,Home,Manchester United,Atalanta BC,3:2,CF,81',3:2,Header,Luke Shaw
Premier League ,10,10/30/21,Away,Manchester United,Tottenham Hotspur,0:3,CF,39',0:1,Right-footed shot,Bruno Fernandes
Champions League ,Group Stage,11/2/21,Away,Manchester United,Atalanta BC,2:2,CF,45'+1,1:1,Right-footed shot,Bruno Fernandes
Champions League ,Group Stage,11/2/21,Away,Manchester United,Atalanta BC,2:2,CF,90'+1,2:2,Right-footed shot,Mason Greenwood
Champions League ,Group Stage,11/23/21,Away,Manchester United,Villarreal CF,0:2,CF,78',0:1,Right-footed shot,Not Applicable
Premier League ,14,12/2/21,Home,Manchester United,Arsenal FC,3:2,CF,52',2:1,Right-footed shot,Marcus Rashford
Premier League ,14,12/2/21,Home,Manchester United,Arsenal FC,3:2,CF,70',3:2,Penalty,Not Applicable
Premier League ,16,12/11/21,Away,Manchester United,Norwich City,0:1,CF,75',0:1,Penalty,Not Applicable
Premier League ,20,12/30/21,Home,Manchester United,Burnley FC,3:1,CF,35',3:0,Right-footed shot,Not Applicable
Premier League ,18,2/15/22,Home,Manchester United,Brighton &amp; Hove Albion,2:0,CF,51',1:0,Right-footed shot,Scott McTominay
Premier League ,29,3/12/22,Home,Manchester United,Tottenham Hotspur,3:2,CF,12',1:0,Right-footed shot,Fred
Premier League ,29,3/12/22,Home,Manchester United,Tottenham Hotspur,3:2,CF,38',2:1,Right-footed shot,Jadon Sancho
Premier League ,29,3/12/22,Home,Manchester United,Tottenham Hotspur,3:2,CF,81',3:2,Header,Alex Telles
Premier League ,33,4/16/22,Home,Manchester United,Norwich City,3:2,CF,7',1:0,Right-footed shot,Anthony Elanga
Premier League ,33,4/16/22,Home,Manchester United,Norwich City,3:2,CF,32',2:0,Header,Alex Telles
Premier League ,33,4/16/22,Home,Manchester United,Norwich City,3:2,CF,76',3:2,Direct free kick,Not Applicable
Premier League ,34,4/23/22,Away,Manchester United,Arsenal FC,3:1,CF,34',2:1,Left-footed shot,Nemanja Matić
Premier League ,37,4/28/22,Home,Manchester United,Chelsea FC,1:1,CF,62',1:1,Right-footed shot,Nemanja Matić
Premier League ,35,5/2/22,Home,Manchester United,Brentford FC,3:0,CF,61',2:0,Penalty,Not Applicable
Europa League ,Group Stage,9/15/22,Away,Manchester United,FC Sheriff Tiraspol,0:2,CF,39',0:2,Penalty,Not Applicable
